"name","nd","ne","vd","ve","sample_thickness","wavelength","tau_internal","colour_code","B1","B2","B3","C1","C2","C3","D0","D1","D2","E0","E1","RTC42_1060nm","RTC42_e-line","RTC42_g-line","ATC42_1060nm","ATC42_e-line","ATC42_g-line","RTC24_1060nm","RTC24_e-line","RTC24_g-line","ATC24_1060nm","ATC24_e-line","ATC24_g-line","RTC68_1060nm","RTC68_e-line","RTC68_g-line","ATC68_1060nm","ATC68_e-line","ATC68_g-line","optical_coefficient","TAUI25/2500","TAUI25/2325","TAUI25/1970","TAUI25/1530","TAUI25/1060","TAUI25/700","TAUI25/660","TAUI25/620","TAUI25/580","TAUI25/546","TAUI25/500","TAUI25/460","TAUI25/436","TAUI25/420","TAUI25/405","TAUI25/400","TAUI25/390","TAUI25/380","TAUI25/370","TAUI25/365","TAUI25/350","TAUI25/334","TAUI25/320","TAUI25/310","TAUI25/300","TAUI25/290","TAUI25/280","TAUI25/270","TAUI25/260","TAUI25/250","TAUI10/2500","TAUI10/2325","TAUI10/1970","TAUI10/1530","TAUI10/1060","TAUI10/700","TAUI10/660","TAUI10/620","TAUI10/580","TAUI10/546","TAUI10/500","TAUI10/460","TAUI10/436","TAUI10/420","TAUI10/405","TAUI10/400","TAUI10/390","TAUI10/380","TAUI10/370","TAUI10/365","TAUI10/350","TAUI10/334","TAUI10/320","TAUI10/310","TAUI10/300","TAUI10/290","TAUI10/280","TAUI10/270","TAUI10/260","TAUI10/250","bubble_class","CR","FR","SR","AR","PR","Density","Tg","T13","T7.6","heat_capacity","heat_conductivity","alpha_30/70","alpha_20/300","Youngs_modulus","Poisson_ratio","Knoop_hardness","abrasion_hardness"
"BK7G18",1.51975,1.52170,63.66,63.44,10,400,0.790,,,,,,,,,,,,,,,,,,,,,,,,,,,,,,,,,,,,,,,,,,,,,,,,,,,,,,,,,,,,,,,,,,,,,,,,,,,,,,,,,,,,,,,,,,,,,,,,,,2.52,570,,,,,,,,,,
"F2",1.62004,1.62408,36.37,36.11,25,400,0.984,"35/32",1.34533359E+00,2.09073176E-01,9.37357162E-01,9.97743871E-03,4.70450767E-02,1.11886764E+02,1.51E-06,1.56E-08,-2.78E-11,9.34E-07,1.04E-09,2.40,3.90,5.50,0.30,1.60,3.20,2.70,4.40,6.30,1.30,3.00,4.80,3.00,4.80,6.80,1.90,3.7,5.7,2.81,0.610,0.700,0.890,0.990,0.998,0.998,0.996,0.997,0.997,0.997,0.996,0.993,0.991,0.990,0.986,0.984,0.977,0.963,0.940,0.920,0.780,0.210,,,,,,,,,0.821,0.867,0.954,0.996,0.999,0.999,0.998,0.999,0.999,0.999,0.998,0.997,0.996,0.996,0.994,0.994,0.991,0.985,0.976,0.967,0.905,0.536,0.110,0.010,,,,,,,0,1,0,1,2.3,1.3,3.61,432,421,593,0.557,0.78,8.2,9.2,57,0.22,420,2
"F2G12",1.62072,1.62475,36.56,36.30,10,400,0.360,,,,,,,,,,,,,,,,,,,,,,,,,,,,,,,,,,,,,,,,,,,,,,,,,,,,,,,,,,,,,,,,,,,,,,,,,,,,,,,,,,,,,,,,,,,,,,,,,,3.60,435,,,,,,,,,,
"F4",1.61659,1.62058,36.63,36.37,25,400,0.971,"35/32",1.33905825E+00,2.05224318E-01,8.97859758E-01,9.92220114E-03,4.70000918E-02,1.07936750E+02,2.02E-06,1.97E-08,-3.87E-11,7.05E-07,4.36E-10,2.30,3.60,5.30,0.20,1.40,3.10,2.90,4.30,6.10,1.50,2.90,4.70,3.20,4.70,6.60,2.10,3.6,5.5,2.84,0.570,0.670,0.870,0.983,0.993,0.992,0.990,0.990,0.991,0.991,0.989,0.986,0.984,0.980,0.974,0.971,0.957,0.935,0.900,0.880,0.691,0.170,0.000,,,,,,,,0.799,0.852,0.946,0.993,0.997,0.997,0.996,0.996,0.996,0.996,0.996,0.994,0.994,0.992,0.990,0.988,0.983,0.973,0.959,0.950,0.863,0.492,0.025,,,,,,,,1,1,0,1,2.3,2,3.58,436,431,614,0.553,0.768,8.3,9.1,56,0.222,420,
"F5",1.60342,1.60718,38.03,37.77,25,400,0.984,"35/32",1.31044630E+00,1.96034260E-01,9.66129770E-01,9.58633048E-03,4.57627627E-02,1.15011883E+02,2.13E-06,1.65E-08,-6.98E-11,1.02E-06,6.56E-10,2.50,4.00,5.50,0.40,1.80,3.30,3.00,4.60,6.20,1.60,3.20,4.80,3.10,4.80,6.50,2.00,3.7,5.4,2.92,0.580,0.690,0.900,0.990,0.995,0.995,0.995,0.995,0.996,0.995,0.995,0.992,0.990,0.988,0.985,0.984,0.977,0.960,0.930,0.900,0.690,0.230,,,,,,,,,0.804,0.862,0.959,0.996,0.998,0.998,0.998,0.998,0.998,0.998,0.998,0.997,0.996,0.995,0.994,0.994,0.991,0.984,0.971,0.959,0.862,0.556,0.090,,,,,,,,1,1,0,1,2.3,2,3.47,438,425,608,,,8,8.9,58,0.22,450,3
"K10",1.50137,1.50349,56.41,56.15,25,400,0.986,"33/30",1.15687082E+00,6.42625444E-02,8.72376139E-01,8.09424251E-03,3.86051284E-02,1.04747730E+02,4.86E-06,1.72E-08,-3.02E-11,3.82E-07,4.53E-10,3.30,3.90,4.50,1.30,1.80,2.40,3.60,4.20,4.90,2.30,2.90,3.60,3.80,4.50,5.20,2.80,3.4,4.2,3.12,0.520,0.630,0.850,0.983,0.996,0.997,0.994,0.993,0.993,0.992,0.991,0.990,0.988,0.988,0.987,0.986,0.982,0.973,0.966,0.958,0.910,0.720,0.310,0.130,0.020,,,,,,0.770,0.831,0.937,0.993,0.998,0.999,0.998,0.997,0.997,0.997,0.996,0.996,0.995,0.995,0.995,0.994,0.993,0.989,0.986,0.983,0.963,0.877,0.626,0.370,0.140,,,,,,1,1,0,1,1,1.2,2.52,459,453,691,0.77,1.12,6.5,7.4,65,0.19,470,4
"K7",1.51112,1.51314,60.41,60.15,25,400,0.990,"33/30",1.12735550E+00,1.24412303E-01,8.27100531E-01,7.20341707E-03,2.69835916E-02,1.00384588E+02,-1.67E-06,8.80E-09,-2.86E-11,5.42E-07,7.81E-10,1.00,1.60,2.10,-1.00,-0.40,0.10,0.90,1.60,2.20,-0.40,0.20,0.90,0.80,1.60,2.30,-0.20,0.6,1.2,2.95,0.340,0.500,0.790,0.980,0.994,0.996,0.995,0.995,0.994,0.994,0.993,0.990,0.990,0.990,0.990,0.990,0.988,0.983,0.976,0.971,0.940,0.780,0.420,0.100,,,,,,,0.650,0.758,0.910,0.992,0.998,0.998,0.998,0.998,0.998,0.998,0.997,0.996,0.996,0.996,0.996,0.996,0.995,0.993,0.990,0.988,0.976,0.905,0.707,0.398,0.090,,,,,,1,3,0,2,1,2.3,2.53,513,,712,,,8.4,9.7,69,0.214,520,
"KZFSN4",1.61340,1.61669,44.29,44.07,25,400,0.974,"36/30",1.37994218E+00,1.68496708E-01,8.74885726E-01,8.91159699E-03,4.05334070E-02,6.96628237E+01,6.01E-06,1.30E-08,-7.94E-11,4.05E-07,7.23E-10,4.30,5.00,5.80,2.10,2.80,3.50,4.60,5.50,6.50,3.20,4.00,5.00,4.60,5.50,6.60,3.50,4.4,5.5,3.13,0.050,0.280,0.810,0.940,0.995,0.995,0.995,0.995,0.995,0.995,0.995,0.992,0.989,0.986,0.978,0.974,0.962,0.939,0.900,0.870,0.720,0.490,0.160,0.030,,,,,,,0.302,0.601,0.919,0.976,0.998,0.998,0.998,0.998,0.998,0.998,0.998,0.997,0.996,0.994,0.991,0.990,0.985,0.975,0.959,0.946,0.877,0.752,0.480,0.230,0.040,,,,,,1,3,2,52.3,4.3,4.3,3.20,492,494,594,0.636,0.766,4.5,5.5,60,0.275,450,
"KZFSN5",1.65412,1.65803,39.63,39.40,25,400,0.940,"37/34",1.47727858E+00,1.91686941E-01,8.97333608E-01,9.75488335E-03,4.50495404E-02,6.78786495E+01,5.51E-06,1.48E-08,-2.21E-11,6.22E-07,7.05E-10,4.40,5.50,6.60,2.20,3.20,4.30,4.70,5.90,7.10,3.30,4.40,5.60,4.90,6.20,7.60,3.80,5.1,6.4,2.89,0.030,0.240,0.770,0.920,0.997,0.996,0.996,0.996,0.996,0.995,0.992,0.985,0.978,0.968,0.950,0.940,0.911,0.850,0.740,0.650,0.190,,,,,,,,,,0.246,0.565,0.901,0.967,0.999,0.998,0.998,0.998,0.998,0.998,0.997,0.994,0.991,0.987,0.980,0.976,0.963,0.937,0.887,0.842,0.515,0.130,,,,,,,,,1,3,2,52.3,4.3,4.3,3.46,501,479,,,,4.5,5.7,65,0.275,460,5
"LAFN7",1.74950,1.75458,34.95,34.72,25,400,0.850,"40/35",1.66842615E+00,2.98512803E-01,1.07743760E+00,1.03159999E-02,4.69216348E-02,8.25078509E+01,7.27E-06,1.31E-08,-3.32E-11,8.88E-07,9.32E-10,6.00,7.80,9.70,3.70,5.40,7.20,6.30,8.30,10.40,4.80,6.70,8.90,6.50,8.60,10.90,5.30,7.4,9.7,1.77,0.090,0.410,0.850,0.960,0.996,0.996,0.995,0.995,0.995,0.994,0.994,0.982,0.965,0.940,0.880,0.850,0.780,0.650,0.400,0.220,0.010,,,,,,,,,,0.382,0.700,0.937,0.984,0.998,0.998,0.998,0.998,0.998,0.998,0.998,0.993,0.986,0.976,0.950,0.937,0.905,0.842,0.693,0.546,0.125,,,,,,,,,,0,3,1,53.3,2.2,4.3,4.38,500,481,573,,0.77,5.3,6.4,80,0.28,520,3
"LAK9G15",1.69064,1.69364,54.74,54.51,10,400,0.270,,,,,,,,,,,,,,,,,,,,,,,,,,,,,,,,,,,,,,,,,,,,,,,,,,,,,,,,,,,,,,,,,,,,,,,,,,,,,,,,,,,,,,,,,,,,,,,,,,3.43,650,,,,,,,,,,
"LAKL12",1.67790,1.68084,54.92,54.69,25,400,0.953,"37/30",1.28115389E+00,4.82607607E-01,1.16553538E+00,6.36439821E-03,2.13764262E-02,9.32771532E+01,2.26E-06,1.05E-08,-8.40E-12,4.57E-07,5.86E-10,3.00,3.80,4.50,0.80,1.50,2.10,3.00,3.80,4.60,1.50,2.30,3.10,3.10,4.00,4.90,2.00,2.9,3.7,1.84,0.260,0.550,0.910,0.982,0.992,0.993,0.993,0.992,0.992,0.993,0.989,0.977,0.970,0.966,0.958,0.953,0.930,0.890,0.820,0.770,0.540,0.240,0.080,,,,,,,,0.583,0.787,0.963,0.993,0.997,0.997,0.997,0.997,0.997,0.997,0.996,0.991,0.988,0.986,0.983,0.981,0.971,0.954,0.924,0.901,0.782,0.565,0.325,0.144,0.010,,,,,,0,3,3,53.3,2.2,3.3,3.32,636,645,764,,,6.8,8,110,0.281,700,2
"LAKN13",1.69350,1.69660,53.33,53.05,25,400,0.954,"37/31",1.25792373E+00,5.53402861E-01,1.06335742E+00,6.21494710E-03,2.16809853E-02,1.04494099E+02,-4.73E-06,1.17E-08,-2.39E-11,3.95E-07,4.43E-10,-0.90,-0.20,0.50,-3.10,-2.50,-1.90,-0.80,-0.10,0.80,-2.20,-1.50,-0.80,-0.70,0.10,1.00,-1.80,-1,-0.2,1.40,0.380,0.630,0.910,0.988,0.994,0.995,0.994,0.994,0.995,0.995,0.991,0.984,0.976,0.969,0.959,0.954,0.937,0.904,0.842,0.800,0.590,0.260,0.040,0.010,,,,,,,0.679,0.831,0.963,0.995,0.998,0.998,0.998,0.998,0.998,0.998,0.996,0.994,0.990,0.987,0.983,0.981,0.974,0.960,0.934,0.915,0.810,0.583,0.276,0.070,,,,,,,1,2,2,53.1,2.3,4,4.24,614,631,718,,,8.4,9.5,87,0.289,560,6
"LASFN9",1.85025,1.85651,32.17,31.93,25,400,0.563,"49/35",1.97888194E+00,3.20435298E-01,1.92900751E+00,1.18537266E-02,5.27381770E-02,1.66256540E+02,9.44E-07,1.14E-08,-1.87E-11,9.22E-07,1.22E-09,2.70,4.60,6.70,0.30,2.00,4.10,2.90,5.10,7.60,1.30,3.40,5.90,3.10,5.50,8.30,1.90,4.2,7,1.76,0.750,0.870,0.970,0.996,0.997,0.988,0.985,0.982,0.979,0.970,0.931,0.866,0.802,0.729,0.615,0.563,0.430,0.255,0.074,0.022,,,,,,,,,,,0.891,0.946,0.988,0.998,0.999,0.995,0.994,0.993,0.992,0.988,0.972,0.944,0.916,0.881,0.823,0.795,0.713,0.579,0.390,0.290,0.050,,,,,,,,,,1,2,0,2,1,1,4.44,698,694,825,,,7.4,8.4,109,0.286,630,4
"LF5",1.58144,1.58482,40.85,40.57,25,400,0.992,"34/31",1.28035628E+00,1.63505973E-01,8.93930112E-01,9.29854416E-03,4.49135769E-02,1.10493685E+02,-2.27E-06,9.71E-09,-2.83E-11,8.36E-07,9.95E-10,0.80,1.90,3.10,-1.30,-0.20,0.90,0.80,2.00,3.40,-0.60,0.70,2.00,0.80,2.20,3.70,-0.30,1.1,2.6,2.83,,0.660,0.870,0.992,0.998,0.998,0.998,0.998,0.997,0.997,0.996,0.995,0.994,0.993,0.992,0.992,0.984,0.973,0.961,0.954,0.880,0.570,0.040,,,,,,,,,0.847,0.946,0.997,0.999,0.999,0.999,0.999,0.999,0.999,0.998,0.998,0.998,0.997,0.997,0.997,0.994,0.989,0.984,0.981,0.950,0.799,0.320,0.040,,,,,,,1,2,0,1,2.3,2,3.22,419,411,585,0.657,0.866,9.1,10.6,59,0.223,450,2
"LF5G19",1.58397,1.58736,40.83,40.55,25,400,0.040,"45/39",1.34611327E+00,1.42428018E-01,9.00477176E-01,9.71743850E-03,5.01911619E-02,1.11959703E+02,-8.15E-06,1.34E-08,-9.22E-12,8.57E-07,8.26E-10,-2.10,-0.90,0.40,-4.20,-3.10,-1.80,-2.00,-0.70,0.80,-3.30,-2.10,-0.60,-1.80,-0.30,1.30,-2.80,-1.4,0.1,2.80,0.200,0.316,0.707,0.979,0.999,0.992,0.986,0.982,0.978,0.967,0.937,0.837,0.632,0.350,0.090,0.040,,,,,,,,,,,,,,,0.725,0.794,0.933,0.996,0.999,0.998,0.997,0.996,0.995,0.993,0.987,0.965,0.912,0.811,0.618,0.525,0.300,0.120,,,,,,,,,,,,,1,,2,3.4,2.2,3,3.30,474,462,606,0.58,0.75,10.65,11.42,56,0.242,410,
"LLF1",1.54814,1.55098,45.89,45.60,25,400,0.993,"33/31",1.23326922E+00,1.16923839E-01,8.62645379E-01,8.85396812E-03,4.36875155E-02,1.04992168E+02,3.25E-07,1.74E-08,-6.12E-11,6.53E-07,2.58E-10,1.50,2.40,3.40,-0.60,0.30,1.30,1.90,2.90,3.90,0.60,1.50,2.50,2.00,3.00,4.10,1.00,2,3,3.05,0.500,0.610,0.840,0.990,0.996,0.997,0.996,0.996,0.997,0.997,0.996,0.996,0.996,0.995,0.994,0.993,0.992,0.988,0.984,0.981,0.955,0.810,0.300,0.010,,,,,,,0.758,0.821,0.933,0.996,0.998,0.999,0.998,0.998,0.999,0.999,0.998,0.998,0.998,0.998,0.998,0.997,0.997,0.995,0.994,0.992,0.982,0.919,0.618,0.240,0.024,0.002,,,,,1,1,0,1,2,1,2.94,448,426,628,0.65,,8.1,9.2,60,0.208,450,3
"N-BAF10",1.67003,1.67341,47.11,46.83,25,400,0.880,"39/35",1.58514950E+00,1.43559385E-01,1.08521269E+00,9.26681282E-03,4.24489805E-02,1.05613573E+02,3.79E-06,1.28E-08,-1.42E-11,5.84E-07,7.60E-10,3.70,4.70,5.60,1.50,2.40,3.30,3.80,4.90,6.00,2.40,3.50,4.50,4.00,5.20,6.40,2.90,4.1,5.3,2.37,0.450,0.680,0.920,0.980,0.994,0.994,0.990,0.991,0.990,0.990,0.981,0.967,0.954,0.940,0.900,0.880,0.800,0.660,0.440,0.310,0.010,,,,,,,,,,0.727,0.857,0.967,0.992,0.998,0.998,0.996,0.996,0.996,0.996,0.992,0.987,0.981,0.976,0.959,0.950,0.915,0.847,0.720,0.626,0.176,,,,,,,,,,1,1,0,4.3,1.3,1,3.75,660,652,790,0.56,0.78,6.18,7.04,89,0.271,620,4
"N-BAF3",1.58272,1.58569,46.64,46.35,25,400,0.900,"39/35",1.34859634E+00,1.07644240E-01,1.13207084E+00,8.71492932E-03,4.78406436E-02,1.12936116E+02,1.40E-06,1.24E-08,-9.39E-12,5.91E-07,7.44E-10,2.40,3.20,4.10,0.30,1.10,1.90,2.40,3.40,4.40,1.00,2.00,3.00,2.50,3.60,4.80,1.50,2.5,3.7,2.73,0.460,0.660,0.890,0.980,0.993,0.994,0.992,0.991,0.993,0.991,0.985,0.975,0.965,0.952,0.920,0.900,0.820,0.670,0.400,0.240,,,,,,,,,,,0.733,0.847,0.954,0.992,0.997,0.998,0.997,0.996,0.997,0.996,0.994,0.990,0.986,0.981,0.967,0.959,0.924,0.852,0.693,0.565,0.063,,,,,,,,,,1,1,0,1,1,1,2.79,583,573,714,0.76,1.04,7.17,8.24,82,0.226,560,2
"N-BAF4",1.60568,1.60897,43.72,43.43,25,400,0.870,"39/35",1.42056328E+00,1.02721269E-01,1.14380976E+00,9.42015382E-03,5.31087291E-02,1.10278856E+02,9.39E-07,1.24E-08,-9.00E-12,6.17E-07,8.42E-10,2.20,3.10,4.10,0.10,0.90,1.90,2.20,3.30,4.50,0.90,1.90,3.00,2.40,3.60,4.90,1.30,2.5,3.8,2.58,0.420,0.640,0.890,0.977,0.994,0.994,0.991,0.990,0.992,0.992,0.985,0.971,0.959,0.940,0.900,0.870,0.770,0.580,0.280,0.130,,,,,,,,,,,0.707,0.837,0.954,0.991,0.998,0.998,0.996,0.996,0.997,0.997,0.994,0.988,0.983,0.976,0.959,0.946,0.901,0.804,0.601,0.442,0.012,,,,,,,,,,1,1,0,1,1.2,1.3,2.89,580,580,709,0.74,1.02,7.24,8.29,85,0.231,610,3
"N-BAF51",1.65224,1.65569,44.96,44.67,25,400,0.890,"39/34",1.51503623E+00,1.53621958E-01,1.15427909E+00,9.42734715E-03,4.30826500E-02,1.24889868E+02,-2.84E-07,1.04E-08,-1.80E-11,7.01E-07,8.47E-10,1.70,2.80,3.80,-0.50,0.50,1.50,1.70,2.90,4.10,0.30,1.50,2.70,1.80,3.10,4.40,0.70,2,3.3,2.22,0.480,0.630,0.870,0.980,0.993,0.993,0.990,0.990,0.992,0.991,0.985,0.970,0.956,0.940,0.910,0.890,0.820,0.690,0.470,0.330,0.020,,,,,,,,,,0.746,0.831,0.946,0.992,0.997,0.997,0.996,0.996,0.997,0.996,0.994,0.988,0.982,0.976,0.963,0.954,0.924,0.862,0.739,0.642,0.209,,,,,,,,,,1,2,0,5.4,1.3,1,3.33,569,574,712,0.84,0.67,8.37,9.49,91,0.262,560,5
"N-BAF52",1.60863,1.61173,46.60,46.30,25,400,0.880,"39/35",1.43903433E+00,9.67046052E-02,1.09875818E+00,9.07800128E-03,5.08212080E-02,1.05691856E+02,1.15E-06,1.27E-08,-5.08E-12,5.64E-07,6.38E-10,2.30,3.10,4.00,0.20,0.90,1.80,2.30,3.30,4.30,0.90,1.90,2.90,2.50,3.60,4.70,1.40,2.5,3.6,2.42,0.390,0.630,0.890,0.975,0.994,0.993,0.990,0.989,0.990,0.989,0.980,0.967,0.954,0.938,0.900,0.880,0.800,0.650,0.370,0.210,,,,,,,,,,,0.686,0.831,0.954,0.990,0.998,0.997,0.996,0.996,0.996,0.996,0.992,0.987,0.981,0.975,0.959,0.950,0.915,0.842,0.672,0.536,0.048,,,,,,,,,,1,1,0,1,1.3,1,3.05,594,596,723,0.68,0.96,6.86,7.83,86,0.237,600,3
"N-BAK1",1.57250,1.57487,57.55,57.27,25,400,0.990,"33/29",1.12365662E+00,3.09276848E-01,8.81511957E-01,6.44742752E-03,2.22284402E-02,1.07297751E+02,-3.43E-07,1.26E-08,-1.05E-11,5.78E-07,7.13E-10,1.50,2.20,2.80,-0.60,0.10,0.70,1.50,2.30,3.10,0.20,1.00,1.70,1.70,2.60,3.40,0.70,1.5,2.3,2.62,0.584,0.721,0.903,0.986,0.996,0.997,0.995,0.995,0.995,0.995,0.992,0.990,0.989,0.990,0.990,0.990,0.988,0.983,0.977,0.969,0.930,0.820,0.570,0.290,0.070,,,,,,0.806,0.877,0.960,0.994,0.998,0.999,0.998,0.998,0.998,0.998,0.997,0.996,0.996,0.996,0.996,0.996,0.995,0.993,0.991,0.987,0.971,0.924,0.799,0.609,0.345,0.102,0.014,,,,1,2,1,3.3,1.2,2,3.19,592,592,746,0.687,0.795,7.6,8.6,73,0.252,530,
"N-BAK2",1.53996,1.54212,59.71,59.44,25,400,0.993,"32/28",1.01662154E+00,3.19903051E-01,9.37232995E-01,5.92383763E-03,2.03828415E-02,1.13118417E+02,-1.45E-06,1.10E-08,4.89E-12,5.16E-07,3.05E-10,1.10,1.80,2.30,-0.90,-0.30,0.20,1.00,1.70,2.30,-0.30,0.30,0.90,1.10,1.80,2.40,0.10,0.8,1.4,2.60,0.500,0.630,0.850,0.984,0.997,0.996,0.995,0.994,0.995,0.995,0.994,0.992,0.992,0.993,0.993,0.993,0.992,0.990,0.989,0.986,0.971,0.910,0.700,0.400,0.100,,,,,,0.758,0.831,0.937,0.994,0.999,0.998,0.998,0.998,0.998,0.998,0.998,0.997,0.997,0.997,0.997,0.997,0.997,0.996,0.996,0.994,0.988,0.963,0.867,0.693,0.398,0.158,0.040,,,,1,2,0,1,1,2.3,2.86,554,550,727,,,8,9,71,0.233,530,2
"N-BAK4",1.56883,1.57125,55.98,55.70,25,400,0.980,"36/33",1.28834642E+00,1.32817724E-01,9.45395373E-01,7.79980626E-03,3.15631177E-02,1.05965875E+02,3.06E-06,1.44E-08,-2.23E-11,5.46E-07,6.05E-10,3.00,3.70,4.40,0.90,1.50,2.20,3.10,3.90,4.70,1.80,2.60,3.30,3.30,4.20,5.00,2.20,3.1,3.9,2.90,0.540,0.710,0.900,0.982,0.995,0.997,0.995,0.995,0.996,0.996,0.994,0.989,0.988,0.987,0.983,0.980,0.967,0.940,0.890,0.840,0.550,0.070,,,,,,,,,0.782,0.872,0.959,0.993,0.998,0.999,0.998,0.998,0.998,0.998,0.998,0.996,0.995,0.995,0.993,0.992,0.987,0.976,0.954,0.933,0.787,0.345,0.012,,,,,,,,0,1,0,1.2,1,1,3.05,581,569,725,0.68,0.88,6.99,7.93,77,0.24,550,2
"N-BALF4",1.57956,1.58212,53.87,53.59,25,400,0.964,"37/33",1.31004128E+00,1.42038259E-01,9.64929351E-01,7.96596450E-03,3.30672072E-02,1.09197320E+02,5.33E-06,1.47E-08,-1.58E-11,5.75E-07,6.58E-10,4.10,4.90,5.60,2.00,2.70,3.40,4.20,5.10,6.00,2.90,3.70,4.60,4.40,5.40,6.40,3.40,4.3,5.3,3.01,0.580,0.740,0.920,0.984,0.993,0.997,0.995,0.995,0.996,0.995,0.993,0.986,0.983,0.981,0.970,0.964,0.940,0.900,0.820,0.750,0.380,,,,,,,,,,0.804,0.887,0.967,0.994,0.997,0.999,0.998,0.998,0.998,0.998,0.997,0.994,0.993,0.992,0.988,0.985,0.976,0.959,0.924,0.891,0.679,0.158,,,,,,,,,1,1,0,1,1,1,3.11,578,584,661,0.69,0.85,6.52,7.41,77,0.245,540,2
"N-BALF5",1.54739,1.54982,53.63,53.36,25,400,0.957,"37/34",1.28385965E+00,7.19300942E-02,1.05048927E+00,8.25815975E-03,4.41920027E-02,1.07097324E+02,1.14E-06,1.29E-08,-1.46E-11,5.02E-07,5.87E-10,2.10,2.80,3.50,0.10,0.70,1.30,2.10,2.90,3.70,0.80,1.60,2.30,2.30,3.10,3.90,1.30,2.1,2.9,2.76,0.300,0.500,0.810,0.973,0.991,0.995,0.993,0.993,0.995,0.995,0.992,0.988,0.984,0.978,0.965,0.957,0.920,0.850,0.710,0.600,0.128,,,,,,,,,,0.618,0.758,0.919,0.989,0.996,0.998,0.997,0.997,0.998,0.998,0.997,0.995,0.994,0.991,0.986,0.983,0.967,0.937,0.872,0.815,0.439,0.006,,,,,,,,,1,1,0,1,2,1,2.61,558,559,711,0.81,1.05,7.34,8.43,81,0.214,600,2
"N-BASF2",1.66446,1.66883,36.00,35.73,25,400,0.750,"41/36",1.53652081E+00,1.56971102E-01,1.30196815E+00,1.08435729E-02,5.62278762E-02,1.31339700E+02,1.89E-06,1.22E-08,-1.61E-11,7.77E-07,9.96E-10,2.80,4.10,5.60,0.60,1.90,3.30,2.90,4.40,6.20,1.50,3.00,4.70,3.10,4.80,6.70,2.00,3.6,5.5,3.04,0.680,0.760,0.930,0.985,0.997,0.990,0.985,0.985,0.987,0.985,0.971,0.951,0.930,0.890,0.800,0.750,0.580,0.320,0.060,,,,,,,,,,,,0.857,0.896,0.971,0.994,0.999,0.996,0.994,0.994,0.995,0.994,0.988,0.980,0.971,0.954,0.915,0.891,0.804,0.634,0.325,0.158,,,,,,,,,,,1,1,0,1,1,1,3.15,619,622,766,0.66,0.94,7.12,8.13,84,0.247,580,3
"N-BASF64",1.70400,1.70824,39.38,39.12,25,400,0.820,"40/35",1.65554268E+00,1.71319770E-01,1.33664448E+00,1.04485644E-02,4.99394756E-02,1.18961472E+02,1.60E-06,1.02E-08,-2.68E-11,7.87E-07,9.65E-10,2.80,4.10,5.50,0.60,1.80,3.10,2.80,4.30,5.90,1.40,2.80,4.40,2.90,4.50,6.30,1.80,3.4,5.1,2.38,0.450,0.670,0.900,0.970,0.985,0.970,0.955,0.949,0.949,0.950,0.940,0.920,0.900,0.880,0.840,0.820,0.750,0.610,0.370,0.220,,,,,,,,,,,0.727,0.852,0.959,0.988,0.994,0.988,0.982,0.979,0.979,0.980,0.976,0.967,0.959,0.950,0.933,0.924,0.891,0.821,0.672,0.546,0.090,,,,,,,,,,0,1,0,3.2,1.2,1,3.20,582,585,712,,,7.3,8.7,105,0.264,650,4
"N-BK10",1.49782,1.49960,66.95,66.78,25,400,0.990,"31/27",8.88308131E-01,3.28964475E-01,9.84610769E-01,5.16900822E-03,1.61190045E-02,9.97575331E+01,3.28E-06,1.62E-08,4.95E-11,4.22E-07,8.57E-10,3.00,3.40,3.70,1.00,1.30,1.60,2.90,3.50,3.90,1.60,2.10,2.60,3.30,4.00,4.50,2.30,2.9,3.4,3.21,0.470,0.710,0.950,0.980,0.996,0.995,0.993,0.992,0.993,0.993,0.991,0.990,0.989,0.989,0.990,0.990,0.989,0.985,0.986,0.986,0.978,0.947,0.860,0.710,0.420,0.110,,,,,0.739,0.872,0.980,0.992,0.998,0.998,0.997,0.997,0.997,0.997,0.996,0.996,0.996,0.996,0.996,0.996,0.996,0.994,0.994,0.994,0.991,0.978,0.941,0.872,0.707,0.414,0.123,0.010,,,1,1,0,1,1,1,2.39,551,,753,0.81,1.32,5.8,6.6,71,0.203,560,4
"N-BK7",1.51680,1.51872,64.17,63.96,25,400,0.992,"33/29",1.03961212E+00,2.31792344E-01,1.01046945E+00,6.00069867E-03,2.00179144E-02,1.03560653E+02,1.86E-06,1.31E-08,-1.37E-11,4.34E-07,6.27E-10,2.40,2.90,3.30,0.30,0.80,1.20,2.40,3.00,3.50,1.10,1.60,2.10,2.50,3.10,3.70,1.50,2.1,2.7,2.77,0.360,0.560,0.840,0.980,0.997,0.996,0.994,0.994,0.995,0.996,0.994,0.993,0.992,0.993,0.993,0.992,0.989,0.983,0.977,0.971,0.920,0.780,0.520,0.250,0.050,,,,,,0.665,0.793,0.933,0.992,0.999,0.998,0.998,0.998,0.998,0.998,0.998,0.997,0.997,0.997,0.997,0.997,0.996,0.993,0.991,0.988,0.967,0.905,0.770,0.574,0.292,0.063,,,,,0,2,0,1,2,2.3,2.51,557,557,719,0.858,1.114,7.1,8.3,82,0.206,610,3
"N-F2",1.62005,1.62408,36.43,36.16,25,400,0.870,"39/36",1.39757037E+00,1.59201403E-01,1.26865430E+00,9.95906143E-03,5.46931752E-02,1.19248346E+02,4.62E-07,1.17E-08,-2.35E-11,7.47E-07,9.81E-10,2.00,3.20,4.60,-0.10,1.00,2.30,2.10,3.50,5.10,0.70,2.00,3.60,2.20,3.70,5.50,1.10,2.6,4.4,3.03,0.480,0.640,0.880,0.977,0.996,0.992,0.990,0.991,0.993,0.992,0.984,0.973,0.963,0.950,0.900,0.870,0.750,0.510,0.160,0.040,,,,,,,,,,,0.746,0.837,0.950,0.991,0.998,0.997,0.996,0.996,0.997,0.997,0.994,0.989,0.985,0.980,0.959,0.946,0.891,0.764,0.480,0.276,0.096,,,,,,,,,,1,1,0,1,1,1,2.65,566,565,688,0.81,1.05,7.84,9.06,82,0.228,600,2
"N-FK5",1.48749,1.48914,70.41,70.23,25,400,0.993,"30/25",8.44309338E-01,3.44147824E-01,9.10790213E-01,4.75111955E-03,1.49814849E-02,9.78600293E+01,-7.24E-06,1.58E-08,-9.51E-12,3.51E-07,4.61E-10,-1.50,-1.20,-0.90,-3.50,-3.20,-2.90,-1.40,-1.00,-0.60,-2.60,-2.30,-2.00,-1.20,-0.70,-0.30,-2.20,-1.8,-1.4,2.91,0.350,0.600,0.920,0.960,0.994,0.996,0.994,0.994,0.995,0.995,0.995,0.994,0.994,0.994,0.993,0.993,0.993,0.992,0.991,0.990,0.989,0.976,0.940,0.880,0.740,0.460,0.160,0.025,,,0.657,0.815,0.967,0.984,0.998,0.998,0.998,0.998,0.998,0.998,0.998,0.998,0.998,0.998,0.997,0.997,0.997,0.997,0.996,0.996,0.996,0.990,0.976,0.950,0.887,0.733,0.480,0.229,0.068,,1,2,1,4,2,2.3,2.45,466,469,672,0.808,0.925,9.2,10,62,0.232,520,3
"N-FK51",1.48656,1.48794,84.47,84.07,25,400,0.993,"34/28",9.71247817E-01,2.16901417E-01,9.04651666E-01,4.72301995E-03,1.53575612E-02,1.68681330E+02,-1.83E-05,-7.89E-09,-1.63E-12,3.74E-07,3.46E-10,-4.90,-4.60,-4.30,-6.90,-6.60,-6.40,-6.00,-5.70,-5.30,-7.30,-7.00,-6.70,-6.50,-6.20,-5.80,-7.50,-7.2,-6.9,0.70,0.750,0.840,0.940,0.980,0.994,0.995,0.995,0.996,0.997,0.997,0.996,0.993,0.992,0.992,0.993,0.993,0.992,0.988,0.976,0.963,0.875,0.630,0.300,0.120,0.035,0.010,,,,,0.891,0.933,0.976,0.992,0.998,0.998,0.998,0.998,0.999,0.999,0.998,0.997,0.997,0.997,0.997,0.997,0.997,0.995,0.990,0.985,0.948,0.831,0.618,0.428,0.262,0.137,0.058,,,,1,2,0,52.3,2.2,4.3,3.73,420,403,,0.636,0.911,13.3,15.3,81,0.293,430,5
"N-FK56",1.43425,1.43534,94.95,94.53,25,400,0.996,"33/28",9.11957171E-01,1.28580417E-01,9.83146162E-01,4.50933489E-03,1.53515963E-02,2.23961126E+02,-2.04E-05,-1.03E-08,2.43E-12,3.41E-07,4.37E-10,-5.00,-4.80,-4.60,-7.00,-6.80,-6.60,-6.20,-5.90,-5.60,-7.40,-7.10,-6.90,-6.70,-6.40,-6.20,-7.70,-7.4,-7.1,0.68,,,0.979,0.991,0.996,0.996,0.996,0.996,0.996,0.996,0.996,0.996,0.995,0.994,0.996,0.996,0.995,0.992,0.985,0.975,0.920,0.760,0.460,0.210,0.060,0.010,,,,,,,0.992,0.996,0.998,0.998,0.998,0.998,0.998,0.998,0.998,0.998,0.998,0.998,0.998,0.998,0.998,0.997,0.994,0.990,0.967,0.896,0.733,0.536,0.325,0.137,0.058,0.023,0.008,,1,1,0,52.3,4.3,4.3,3.54,422,416,,0.75,0.84,,16.16,70,0.293,350,
"N-K5",1.52249,1.52458,59.48,59.22,25,400,0.988,"34/30",1.08511833E+00,1.99562005E-01,9.30511663E-01,6.61099503E-03,2.41108660E-02,1.11982777E+02,-4.13E-07,1.03E-08,-3.40E-11,4.73E-07,5.19E-10,1.50,2.10,2.60,-0.60,0.00,0.50,1.40,2.10,2.70,0.10,0.70,1.40,1.40,2.10,2.80,0.40,1.1,1.8,3.03,0.530,0.660,0.870,0.986,0.995,0.994,0.992,0.993,0.995,0.995,0.993,0.991,0.991,0.991,0.989,0.988,0.984,0.977,0.962,0.956,0.880,0.630,0.210,0.020,,,,,,,0.776,0.847,0.946,0.994,0.998,0.998,0.997,0.997,0.998,0.998,0.997,0.996,0.996,0.996,0.996,0.995,0.994,0.991,0.985,0.982,0.950,0.831,0.536,0.221,0.058,,,,,,1,1,0,1,1,1,2.59,546,540,720,0.783,0.95,8.2,9.6,71,0.224,530,3
"N-KF9",1.52346,1.52588,51.54,51.26,25,400,0.965,"37/34",1.19286778E+00,8.93346571E-02,9.20819805E-01,8.39154696E-03,4.04010786E-02,1.12572446E+02,-1.66E-06,8.44E-09,-1.01E-11,6.10E-07,6.96E-10,1.10,1.90,2.60,-0.90,-0.20,0.50,0.90,1.80,2.60,-0.40,0.40,1.30,0.90,1.80,2.80,-0.10,0.8,1.7,2.74,0.300,0.430,0.740,0.981,0.995,0.997,0.995,0.994,0.996,0.996,0.994,0.990,0.988,0.985,0.975,0.965,0.940,0.880,0.770,0.680,0.210,,,,,,,,,,0.618,0.713,0.887,0.992,0.998,0.999,0.998,0.998,0.998,0.998,0.998,0.996,0.995,0.994,0.990,0.986,0.976,0.950,0.901,0.857,0.536,0.026,,,,,,,,,1,1,0,1,1,1,2.50,476,476,640,0.86,1.04,9.61,10.95,66,0.225,480,1
"N-KzFS11",1.63775,1.64132,42.41,42.20,25,400,0.968,"36/30",1.33222450E+00,2.89241610E-01,1.15161734E+00,8.40298480E-03,3.44239720E-02,8.84310532E+01,3.34E-06,1.16E-08,-1.80E-11,6.32E-07,7.21E-10,3.50,4.40,5.40,1.30,2.20,3.10,3.50,4.60,5.70,2.10,3.10,4.20,3.60,4.80,6.00,2.50,3.7,4.8,4.21,0.183,0.535,0.914,0.977,0.999,0.994,0.992,0.992,0.992,0.993,0.989,0.982,0.978,0.975,0.971,0.968,0.957,0.940,0.910,0.880,0.730,0.450,0.150,0.020,,,,,,,0.507,0.779,0.965,0.991,0.999,0.998,0.997,0.997,0.997,0.997,0.996,0.993,0.991,0.990,0.988,0.987,0.983,0.976,0.963,0.950,0.882,0.727,0.468,0.230,0.048,,,,,,1,1,1,3.4,1,1,3.20,551,554,,0.69,0.81,6.56,7.56,79,0.251,530,
"N-KZFS2",1.55836,1.56082,54.01,53.83,25,400,0.963,"34/30",1.23697554E+00,1.53569376E-01,9.03976272E-01,7.47170505E-03,3.08053556E-02,7.01731084E+01,6.77E-06,1.31E-08,-1.23E-11,3.84E-07,5.51E-10,4.60,5.20,5.70,2.50,3.00,3.50,4.70,5.30,5.90,3.30,3.90,4.50,4.80,5.50,6.20,3.80,4.5,5.1,4.02,0.040,0.260,0.800,0.940,0.991,0.996,0.994,0.994,0.994,0.994,0.992,0.987,0.981,0.975,0.967,0.963,0.950,0.930,0.910,0.890,0.800,0.590,0.240,0.030,,,,,,,0.276,0.583,0.915,0.976,0.996,0.998,0.998,0.998,0.998,0.998,0.997,0.995,0.992,0.990,0.987,0.985,0.980,0.971,0.963,0.954,0.915,0.810,0.565,0.246,0.012,,,,,,1,1,4,52.3,4.3,4.2,2.55,491,488,600,0.83,0.81,4.43,5.43,66,0.266,490,3
"N-KZFS4",1.61336,1.61664,44.49,44.27,25,400,0.948,"36/32",1.35055424E+00,1.97575506E-01,1.09962992E+00,8.76282070E-03,3.71767201E-02,9.03866994E+01,1.81E-06,1.16E-08,-7.99E-12,6.20E-07,7.94E-10,2.70,3.50,4.40,0.50,1.30,2.20,2.70,3.70,4.70,1.30,2.30,3.20,2.80,3.90,5.00,1.70,2.8,3.9,3.90,0.230,0.560,0.915,0.970,0.996,0.994,0.993,0.993,0.993,0.992,0.987,0.976,0.968,0.961,0.952,0.948,0.930,0.910,0.860,0.820,0.600,0.150,,,,,,,,,0.556,0.793,0.965,0.988,0.998,0.998,0.997,0.997,0.997,0.997,0.995,0.990,0.987,0.984,0.981,0.979,0.971,0.963,0.941,0.924,0.815,0.468,0.040,,,,,,,,1,1,1,3.4,1.2,1,3.00,547,545,675,0.76,0.84,7.3,8.2,78,0.241,520,3
"N-LAF2",1.74397,1.74791,44.85,44.57,25,400,0.840,"40/34",1.80984227E+00,1.57295550E-01,1.09300370E+00,1.01711622E-02,4.42431765E-02,1.00687748E+02,-3.64E-06,9.20E-09,-6.00E-12,6.43E-07,6.11E-10,0.00,1.00,2.10,-2.30,-1.30,-0.30,-0.10,1.00,2.30,-1.60,-0.50,0.70,-0.10,1.20,2.50,-1.20,0,1.3,1.42,0.400,0.690,0.930,0.990,0.997,0.996,0.993,0.992,0.993,0.994,0.983,0.962,0.940,0.915,0.865,0.840,0.760,0.630,0.430,0.310,0.025,,,,,,,,,,0.693,0.862,0.971,0.996,0.999,0.998,0.997,0.997,0.997,0.998,0.993,0.985,0.976,0.965,0.944,0.933,0.896,0.831,0.713,0.626,0.229,,,,,,,,,,1,2,3,52.2,1,2.2,4.30,653,645,742,0.51,0.67,8.06,9.1,94,0.288,530,6
"N-LAF21",1.78800,1.79195,47.49,47.24,25,400,0.880,"40/33",1.88246178E+00,2.39703394E-01,1.23484815E+00,9.36029744E-03,3.54026371E-02,8.43919934E+01,2.94E-06,1.01E-08,-1.89E-11,5.97E-07,7.69E-10,3.70,4.80,5.80,1.40,2.30,3.30,3.80,4.90,6.10,2.20,3.40,4.50,3.90,5.20,6.40,2.70,3.9,5.2,1.42,0.140,0.490,0.890,0.981,0.995,0.996,0.996,0.995,0.994,0.994,0.988,0.973,0.958,0.940,0.900,0.880,0.820,0.730,0.580,0.480,0.160,,,,,,,,,,0.455,0.752,0.954,0.992,0.998,0.998,0.998,0.998,0.998,0.998,0.995,0.989,0.983,0.976,0.959,0.950,0.924,0.882,0.804,0.746,0.480,0.130,,,,,,,,,1,1,1,51.3,1,1.3,4.34,663,646,724,,,6.2,7.2,126,0.294,780,2
"N-LAF3",1.71700,1.72055,47.96,47.68,25,400,0.890,"39/34",1.73155854E+00,1.50874455E-01,1.06586596E+00,9.53833914E-03,4.07887211E-02,9.80758545E+01,-2.35E-06,1.07E-08,-9.38E-12,5.72E-07,6.01E-10,0.60,1.50,2.50,-1.70,-0.80,0.10,0.60,1.60,2.70,-0.90,0.10,1.20,0.70,1.80,3.00,-0.40,0.7,1.8,1.53,0.310,0.580,0.880,0.980,0.993,0.993,0.993,0.993,0.993,0.993,0.985,0.968,0.955,0.940,0.910,0.890,0.830,0.720,0.540,0.420,0.060,,,,,,,,,,0.626,0.804,0.950,0.992,0.997,0.997,0.997,0.997,0.997,0.997,0.994,0.987,0.982,0.976,0.963,0.954,0.928,0.877,0.782,0.707,0.314,0.006,,,,,,,,,1,2,3,52.3,1.2,3.3,4.14,646,640,740,,,7.6,8.7,95,0.286,580,5
"N-LAF32",1.79457,1.79872,45.53,45.28,25,400,0.860,"40/34",1.91731106E+00,2.24019825E-01,1.22087075E+00,9.78600358E-03,3.86141473E-02,8.46431265E+01,3.80E-06,1.10E-08,-1.83E-11,6.37E-07,8.03E-10,4.20,5.40,6.40,1.90,2.90,3.90,4.30,5.60,6.90,2.80,4.10,5.30,4.50,5.90,7.30,3.30,4.7,6,1.59,0.120,0.440,0.860,0.966,0.993,0.995,0.994,0.993,0.993,0.994,0.988,0.969,0.949,0.926,0.880,0.860,0.790,0.670,0.480,0.370,0.080,,,,,,,,,,0.428,0.720,0.941,0.986,0.997,0.998,0.998,0.997,0.997,0.998,0.995,0.987,0.979,0.970,0.950,0.941,0.910,0.852,0.746,0.672,0.364,0.040,,,,,,,,,1,1,1,51.2,1,2,4.33,643,640,,0.55,0.8,5.89,6.98,123,0.291,760,2
"N-LAF33",1.78582,1.79007,44.05,43.80,25,400,0.895,"39/32",1.79653417E+00,3.11577903E-01,1.15981863E+00,9.27313493E-03,3.58201181E-02,8.73448712E+01,8.17E-06,1.24E-08,-1.65E-11,7.11E-07,8.59E-10,6.80,8.10,9.40,4.40,5.70,7.00,7.00,8.50,10.00,5.50,6.90,8.40,7.20,8.90,10.50,6.00,7.6,9.3,2.21,0.150,0.480,0.860,0.970,0.994,0.994,0.993,0.992,0.992,0.992,0.985,0.967,0.950,0.933,0.908,0.895,0.860,0.790,0.680,0.600,0.280,0.030,,,,,,,,,0.468,0.746,0.941,0.988,0.998,0.998,0.997,0.997,0.997,0.997,0.994,0.987,0.980,0.973,0.962,0.957,0.941,0.910,0.857,0.815,0.601,0.246,0.017,,,,,,,,0,1,2,52.2,1,3,4.36,600,585,673,0.57,0.8,5.6,6.7,111,0.301,730,1
"N-LAF34",1.77250,1.77621,49.62,49.38,25,400,0.930,"39/32",1.75836958E+00,3.13537785E-01,1.18925231E+00,8.72810026E-03,2.93020832E-02,8.51780644E+01,3.89E-06,1.02E-08,-1.91E-11,5.88E-07,7.57E-10,4.20,5.20,6.20,1.90,2.80,3.70,4.30,5.40,6.50,2.70,3.90,4.90,4.40,5.60,6.80,3.20,4.4,5.5,1.44,0.130,0.460,0.870,0.975,0.995,0.996,0.995,0.995,0.995,0.995,0.991,0.980,0.967,0.953,0.930,0.920,0.880,0.810,0.700,0.630,0.320,0.030,,,,,,,,,0.442,0.733,0.946,0.990,0.998,0.998,0.998,0.998,0.998,0.998,0.996,0.992,0.987,0.981,0.971,0.967,0.950,0.919,0.867,0.831,0.634,0.250,0.010,,,,,,,,0,1,1,51.3,1,1,4.24,668,659,745,0.8,0.56,5.8,7,123,0.292,770,2
"N-LaF35",1.74330,1.74690,49.22,48.99,25,400,0.930,"38/33",1.60673056E+00,3.66415640E-01,1.31761804E+00,7.75046140E-03,2.89967611E-02,9.30720709E+01,,,,,,,,,,,,,,,,,,,,,,,,2.20,0.100,0.430,0.890,0.975,0.992,0.995,0.995,0.993,0.993,0.995,0.991,0.981,0.972,0.961,0.940,0.930,0.900,0.850,0.740,0.650,0.270,,,,,,,,,,0.398,0.713,0.954,0.990,0.997,0.998,0.998,0.997,0.997,0.998,0.996,0.992,0.989,0.984,0.976,0.971,0.959,0.937,0.887,0.842,0.592,0.120,0.006,,,,,,,,0,,,,,,4.17,590,,,,,5.3,,109,0.31,680,
"N-LaF36",1.79950,1.80399,42.34,42.09,25,400,0.880,"40/33",1.85390925E+00,2.97925555E-01,1.39382086E+00,9.55320687E-03,3.93816850E-02,1.02706848E+02,,,,,,,,,,,,,,,,,,,,,,,,2.20,0.150,0.540,0.911,0.980,0.994,0.993,0.992,0.992,0.992,0.990,0.980,0.962,0.940,0.920,0.900,0.880,0.830,0.740,0.620,0.530,0.180,,,,,,,,,,0.468,0.782,0.963,0.992,0.998,0.997,0.997,0.997,0.997,0.996,0.992,0.985,0.976,0.967,0.959,0.951,0.928,0.887,0.826,0.776,0.504,0.078,,,,,,,,,0,,,,,,4.45,595,,,,,5.7,,110,0.3,670,
"N-LAF7",1.74950,1.75459,34.82,34.56,25,400,0.490,"46/36",1.74028764E+00,2.26710554E-01,1.32525548E+00,1.07925580E-02,5.38626639E-02,1.06268665E+02,9.21E-07,1.10E-08,-1.75E-11,7.67E-07,1.10E-09,2.50,3.90,5.60,0.20,1.50,3.10,2.60,4.30,6.30,1.10,2.70,4.70,2.70,4.60,6.80,1.60,3.4,5.6,2.57,0.380,0.700,0.940,0.990,0.996,0.992,0.988,0.985,0.980,0.970,0.930,0.850,0.770,0.680,0.540,0.490,0.350,0.190,0.050,0.012,,,,,,,,,,,0.679,0.867,0.976,0.996,0.998,0.997,0.995,0.994,0.992,0.988,0.971,0.937,0.901,0.857,0.782,0.752,0.657,0.515,0.302,0.170,,,,,,,,,,,1,1,2,51.3,1.2,1.2,3.73,568,563,669,0.62,0.83,7.3,8.39,96,0.271,530,5
"N-LAK10",1.72003,1.72341,50.62,50.39,25,400,0.900,"39/34",1.72878017E+00,1.69257825E-01,1.19386956E+00,8.86014635E-03,3.63416509E-02,8.29009069E+01,4.10E-06,1.23E-08,-7.85E-12,5.08E-07,5.76E-10,4.10,5.00,5.80,1.80,2.60,3.40,4.20,5.10,6.10,2.70,3.60,4.60,4.40,5.40,6.50,3.20,4.3,5.3,1.97,0.120,0.440,0.880,0.977,0.995,0.995,0.994,0.994,0.993,0.994,0.988,0.977,0.963,0.940,0.910,0.900,0.850,0.770,0.630,0.520,0.130,,,,,,,,,,0.428,0.720,0.950,0.991,0.998,0.999,0.998,0.998,0.997,0.998,0.995,0.991,0.985,0.976,0.963,0.959,0.937,0.901,0.831,0.770,0.442,0.026,,,,,,,,,0,2,2,52.3,1,3,3.69,636,631,714,0.64,0.86,5.68,6.83,116,0.286,780,2
"N-LAK12",1.67790,1.68083,55.20,54.92,25,400,0.940,"37/31",1.17365704E+00,5.88992398E-01,9.78014394E-01,5.77031797E-03,2.00401678E-02,9.54873482E+01,-5.67E-06,8.27E-09,1.27E-12,5.25E-07,6.30E-10,-1.00,-0.30,0.30,-3.20,-2.60,-2.00,-1.20,-0.40,0.30,-2.70,-1.90,-1.20,-1.20,-0.30,0.50,-2.30,-1.5,-0.7,1.44,0.270,0.510,0.850,0.975,0.992,0.993,0.989,0.988,0.990,0.991,0.986,0.968,0.958,0.952,0.943,0.940,0.920,0.870,0.790,0.730,0.460,0.150,0.010,,,,,,,,0.592,0.764,0.937,0.990,0.997,0.997,0.996,0.995,0.996,0.996,0.994,0.987,0.983,0.981,0.977,0.976,0.967,0.946,0.910,0.882,0.733,0.468,0.152,0.032,,,,,,,1,3,1,53.3,3.3,4.3,4.10,614,606,714,,,7.6,9.3,87,0.288,560,6
"N-LAK14",1.69680,1.69980,55.41,55.19,25,400,0.940,"37/29",1.50781212E+00,3.18866829E-01,1.14287213E+00,7.46098727E-03,2.42024834E-02,8.09565165E+01,2.68E-06,1.15E-08,-1.44E-11,3.72E-07,5.53E-10,3.20,3.80,4.40,0.90,1.50,2.10,3.20,4.00,4.70,1.80,2.50,3.20,3.40,4.20,5.00,2.20,3,3.8,1.73,0.120,0.430,0.880,0.976,0.995,0.996,0.995,0.997,0.995,0.995,0.992,0.983,0.973,0.964,0.950,0.940,0.930,0.910,0.860,0.820,0.650,0.400,0.180,0.070,0.020,,,,,,0.428,0.713,0.950,0.990,0.998,0.998,0.998,0.999,0.998,0.998,0.997,0.993,0.989,0.985,0.980,0.976,0.971,0.963,0.941,0.924,0.842,0.693,0.504,0.345,0.168,0.040,,,,,0,3,2,52.3,1,3,3.63,661,653,734,,,5.5,6.9,111,0.283,730,
"N-LAK21",1.64049,1.64304,60.10,59.86,25,400,0.950,"37/31",1.22718116E+00,4.20783743E-01,1.01284843E+00,6.02075682E-03,1.96862889E-02,8.84370099E+01,-2.36E-06,1.15E-08,1.11E-11,3.10E-07,2.78E-10,0.60,1.10,1.60,-1.60,-1.20,-0.70,0.50,1.00,1.60,-0.90,-0.40,0.10,0.70,1.30,1.90,-0.40,0.1,0.7,1.74,0.210,0.490,0.870,0.970,0.994,0.994,0.991,0.990,0.992,0.992,0.988,0.976,0.969,0.963,0.955,0.950,0.930,0.900,0.830,0.780,0.570,0.240,0.040,,,,,,,,0.536,0.752,0.946,0.988,0.998,0.998,0.996,0.996,0.997,0.997,0.995,0.990,0.987,0.985,0.982,0.979,0.971,0.959,0.928,0.905,0.799,0.565,0.250,0.060,,,,,,,0,4,2,53.2,4.3,4.3,3.74,639,627,716,0.59,0.88,6.8,8.1,91,0.272,600,5
"N-LAK22",1.65113,1.65391,55.89,55.63,25,400,0.964,"36/30",1.14229781E+00,5.35138441E-01,1.04088385E+00,5.85778594E-03,1.98546147E-02,1.00834017E+02,1.36E-06,1.49E-08,-1.29E-11,3.41E-07,2.09E-10,2.20,2.90,3.60,0.00,0.60,1.30,2.40,3.10,3.90,1.00,1.70,2.40,2.70,3.40,4.20,1.60,2.3,3.1,1.82,0.370,0.620,0.900,0.978,0.994,0.994,0.992,0.991,0.993,0.993,0.988,0.980,0.975,0.973,0.968,0.964,0.950,0.920,0.873,0.840,0.655,0.350,0.100,0.020,,,,,,,0.672,0.826,0.959,0.991,0.998,0.998,0.997,0.996,0.997,0.997,0.995,0.992,0.990,0.989,0.987,0.985,0.980,0.967,0.947,0.933,0.844,0.657,0.398,0.209,0.078,0.014,,,,,0,2,2,51.2,1,2.3,3.73,689,673,,0.55,,6.6,7.4,90,0.266,600,4
"N-LAK33",1.75398,1.75740,52.43,52.20,25,400,0.910,"39/32",1.45796869E+00,5.55403936E-01,1.19938794E+00,6.80545280E-03,2.25253283E-02,8.27543327E+01,2.57E-06,1.16E-08,-7.29E-11,6.01E-07,1.59E-10,3.10,4.10,5.00,0.80,1.70,2.50,3.40,4.40,5.30,1.90,2.90,3.70,3.30,4.40,5.20,2.20,3.2,4,1.49,0.090,0.400,0.850,0.975,0.995,0.991,0.990,0.990,0.990,0.990,0.987,0.977,0.967,0.954,0.928,0.910,0.860,0.790,0.690,0.630,0.400,0.140,0.020,,,,,,,,0.382,0.693,0.937,0.990,0.998,0.996,0.996,0.996,0.996,0.996,0.995,0.991,0.987,0.981,0.971,0.963,0.941,0.910,0.862,0.831,0.693,0.455,0.209,0.078,0.017,,,,,,1,1,1,51.3,1,2.3,4.26,652,648,,0.554,0.9,6,7,124,0.291,780,2
"N-LaK34",1.72916,1.73234,54.67,54.44,5,400,0.988,,,,,,,,,,,,,,,,,,,,,,,,,,,,,,,1.58,,,,,,,,,,,,,,,,,,,,,,,,,,,,,,,,,,,,,,,,,,,,,,,,,,,,,,,,,,,,,1,1,0,52,1,3,4.17,667,672,,0.57,0.81,5.75,6.86,115,0.289,750,
"N-LaK7",1.65160,1.65425,58.52,58.26,25,400,0.943,"37/30",1.23679889E+00,4.45051837E-01,1.01745888E+00,6.10105538E-03,2.01388334E-02,9.06380380E+01,-3.40E-06,1.17E-08,2.38E-11,4.96E-07,4.44E-10,0.20,0.80,1.30,-2.00,-1.50,-1.00,0.00,0.70,1.30,-1.40,-0.70,-0.20,0.30,1.00,1.70,-0.80,-0.1,0.5,1.65,0.220,0.510,0.900,0.979,0.995,0.995,0.995,0.994,0.995,0.996,0.993,0.985,0.977,0.970,0.952,0.943,0.915,0.870,0.790,0.730,0.470,0.185,0.040,0.010,,,,,,,0.546,0.764,0.959,0.992,0.998,0.998,0.998,0.998,0.998,0.998,0.997,0.994,0.991,0.988,0.981,0.977,0.965,0.946,0.910,0.882,0.739,0.509,0.276,0.137,0.044,0.010,,,,,0,3,2,53.3,3.3,4.3,3.84,618,626,716,,,7.1,8.2,90,0.277,600,
"N-LAK8",1.71300,1.71616,53.83,53.61,25,400,0.943,"37/30",1.33183167E+00,5.46623206E-01,1.19084015E+00,6.20023871E-03,2.16465439E-02,8.25827736E+01,4.10E-06,1.25E-08,-1.60E-11,4.30E-07,6.29E-10,4.00,4.70,5.40,1.70,2.40,3.00,4.10,5.00,5.80,2.60,3.50,4.30,4.30,5.20,6.20,3.10,4.1,5,1.81,0.100,0.420,0.880,0.979,0.994,0.996,0.995,0.994,0.994,0.995,0.994,0.987,0.979,0.970,0.952,0.943,0.915,0.870,0.780,0.720,0.470,0.185,0.040,0.010,,,,,,,0.398,0.707,0.950,0.992,0.998,0.998,0.998,0.998,0.998,0.998,0.998,0.995,0.992,0.988,0.981,0.977,0.965,0.946,0.905,0.877,0.739,0.509,0.276,0.137,0.044,0.010,,,,,0,3,2,52.3,1,3.3,3.75,643,635,717,,,5.6,6.7,115,0.289,740,2
"N-LAK9",1.69100,1.69401,54.71,54.48,25,400,0.950,"37/30",1.46231905E+00,3.44399589E-01,1.15508372E+00,7.24270156E-03,2.43353131E-02,8.54686868E+01,2.11E-06,1.11E-08,1.82E-12,4.74E-07,-3.47E-10,3.00,3.90,4.60,0.80,1.60,2.30,2.90,3.70,4.40,1.50,2.20,2.90,3.10,3.80,4.40,2.00,2.7,3.3,1.83,0.170,0.490,0.900,0.980,0.995,0.996,0.995,0.995,0.994,0.994,0.992,0.985,0.977,0.971,0.958,0.950,0.930,0.890,0.830,0.782,0.550,0.230,0.040,,,,,,,,0.492,0.752,0.959,0.992,0.998,0.998,0.998,0.998,0.998,0.998,0.997,0.994,0.991,0.988,0.983,0.980,0.971,0.954,0.928,0.906,0.787,0.556,0.276,0.123,0.044,0.010,,,,,0,3,3,52,1.2,4.3,3.51,656,645,722,0.649,0.908,6.3,7.5,110,0.285,700,
"N-LASF31",1.88067,1.88577,41.01,40.76,25,400,0.820,"45/32",1.71317198E+00,7.18575109E-01,1.72332470E+00,8.19172228E-03,2.97801704E-02,1.38461313E+02,2.29E-06,8.93E-09,-1.59E-11,6.52E-07,8.09E-10,3.70,5.00,6.50,1.20,2.50,3.80,3.60,5.20,6.80,2.00,3.50,5.10,3.70,5.40,7.20,2.50,4.1,5.9,1.10,0.540,0.810,0.960,0.992,0.993,0.994,0.994,0.993,0.993,0.990,0.973,0.940,0.910,0.880,0.840,0.820,0.750,0.650,0.530,0.460,0.210,0.040,0.020,,,,,,,,0.782,0.919,0.984,0.997,0.997,0.998,0.998,0.997,0.997,0.996,0.989,0.976,0.963,0.950,0.933,0.924,0.891,0.842,0.776,0.733,0.536,0.276,0.090,0.029,,,,,,,1,1,0,2,1,1,5.41,758,756,,,0.91,6.8,7.7,124,0.299,770,2
"N-LASF35",2.02204,2.03035,29.06,28.84,,,,"-/38",2.45505861E+00,4.53006077E-01,2.38513080E+00,1.35670404E-02,5.45803020E-02,1.67904715E+02,1.43E-07,8.71E-09,-2.71E-11,1.02E-06,1.50E-09,2.60,5.00,7.80,-0.10,2.20,5.00,2.70,5.50,9.00,1.00,3.80,7.10,2.80,5.90,9.70,1.40,4.5,8.3,0.73,,,,,,,,,,,,,,,,,,,,,,,,,,,,,,,,,,,,,,,,,,,,,,,,,,,,,,,,,,,,,1,1,0,1.3,1,1.3,5.41,774,,,0.445,0.92,7.4,8.5,132,0.303,810,
"N-LASF40",1.83404,1.83935,37.30,37.04,25,400,0.750,"44/35",1.98550331E+00,2.74057042E-01,1.28945661E+00,1.09583310E-02,4.74551603E-02,9.69085286E+01,8.10E-06,1.25E-08,-1.73E-11,8.27E-07,1.08E-09,7.10,8.80,10.60,4.60,6.30,8.00,7.30,9.30,11.40,5.70,7.70,9.80,7.60,9.70,12.00,6.30,8.5,10.8,2.19,0.240,0.590,0.910,0.982,0.995,0.996,0.994,0.993,0.992,0.988,0.969,0.933,0.890,0.850,0.780,0.750,0.650,0.510,0.280,0.150,,,,,,,,,,,0.565,0.810,0.963,0.993,0.998,0.998,0.998,0.997,0.997,0.995,0.987,0.973,0.954,0.937,0.905,0.891,0.842,0.764,0.601,0.468,0.044,,,,,,,,,,0,1,1,51.2,1,2,4.55,585,583,673,0.55,0.79,5.77,6.87,111,0.304,690,1
"N-LASF41",1.83501,1.83961,43.13,42.88,25,400,0.876,"41/32",1.86348331E+00,4.13307255E-01,1.35784815E+00,9.10368219E-03,3.39247268E-02,9.33580595E+01,3.03E-06,1.04E-08,-1.30E-11,6.62E-07,7.82E-10,4.00,5.20,6.40,1.50,2.70,3.90,4.00,5.40,6.80,2.40,3.80,5.20,4.20,5.70,7.20,2.90,4.5,6,1.57,0.160,0.510,0.880,0.983,0.995,0.995,0.994,0.993,0.994,0.993,0.984,0.962,0.940,0.920,0.890,0.876,0.830,0.750,0.630,0.550,0.270,0.040,,,,,,,,,0.480,0.764,0.950,0.993,0.998,0.998,0.998,0.997,0.998,0.997,0.994,0.985,0.976,0.967,0.954,0.948,0.928,0.891,0.831,0.787,0.592,0.292,0.040,,,,,,,,0,1,0,4,1,1,4.93,668,661,742,0.49,0.79,6.16,7.21,124,0.294,760,1
"N-LASF43",1.80610,1.81081,40.61,40.36,25,400,0.810,"42/34",1.93502827E+00,2.36629350E-01,1.26291344E+00,1.04001413E-02,4.47505292E-02,8.74375690E+01,4.77E-06,1.14E-08,-2.68E-12,6.62E-07,8.84E-10,4.90,6.20,7.60,2.50,3.80,5.00,5.00,6.50,8.10,3.40,4.90,6.40,5.20,6.90,8.60,4.00,5.6,7.4,1.92,0.100,0.430,0.850,0.960,0.994,0.995,0.995,0.993,0.991,0.988,0.975,0.950,0.920,0.890,0.840,0.810,0.730,0.610,0.420,0.300,0.020,,,,,,,,,,0.398,0.713,0.937,0.984,0.998,0.998,0.998,0.997,0.996,0.995,0.990,0.980,0.967,0.954,0.933,0.919,0.882,0.821,0.707,0.618,0.221,,,,,,,,,,0,1,1,51.3,1,2,4.33,614,612,,0.56,0.79,5.62,6.69,114,0.29,720,1
"N-LASF44",1.80420,1.80832,46.50,46.25,25,400,0.910,"40/31",1.78897105E+00,3.86758670E-01,1.30506243E+00,8.72506277E-03,3.08085023E-02,9.27743824E+01,3.32E-06,1.12E-08,-8.52E-12,5.88E-07,7.13E-10,4.00,5.10,6.10,1.60,2.60,3.60,4.00,5.30,6.50,2.50,3.70,4.90,4.20,5.60,6.90,3.00,4.4,5.7,1.41,0.150,0.470,0.870,0.975,0.995,0.996,0.995,0.995,0.995,0.995,0.989,0.977,0.965,0.950,0.920,0.910,0.870,0.793,0.685,0.615,0.351,0.088,,,,,,,,,0.468,0.739,0.946,0.990,0.998,0.998,0.998,0.998,0.998,0.998,0.996,0.991,0.986,0.980,0.967,0.963,0.946,0.911,0.860,0.823,0.658,0.378,0.152,0.068,0.029,,,,,,0,1,1,4.3,1,1.3,4.47,662,658,742,0.52,0.8,6.2,7.3,124,0.293,770,1
"N-LaSF45",1.80100,1.80641,35.08,34.83,25,400,0.710,"44/35",1.87979521E+00,2.59494690E-01,1.75852312E+00,1.12660200E-02,5.09972100E-02,1.49125471E+02,2.68E-06,1.04E-08,-2.33E-11,8.35E-07,1.19E-09,3.70,5.30,7.10,1.30,2.80,4.50,3.80,5.60,7.80,2.20,4.10,6.20,3.90,6.00,8.30,2.70,4.7,7.1,1.94,0.631,0.790,0.950,0.992,0.993,0.988,0.985,0.983,0.983,0.977,0.954,0.920,0.880,0.840,0.750,0.710,0.610,0.450,0.240,0.130,,,,,,,,,,,0.832,0.910,0.980,0.997,0.997,0.995,0.994,0.993,0.993,0.991,0.981,0.967,0.950,0.933,0.891,0.872,0.821,0.727,0.565,0.442,0.034,,,,,,,,,,0,1,0,3.3,1,1,3.60,651,647,767,0.672,1.08,7.3,8.6,115,0.283,670,
"N-LF5",1.58144,1.58481,40.85,40.56,25,400,0.860,"39/36",1.33272661E+00,1.12284629E-01,1.10202641E+00,9.71526176E-03,5.34456265E-02,1.18651687E+02,1.75E-07,1.01E-08,-2.71E-11,6.64E-07,8.30E-10,1.90,2.90,4.00,-0.20,0.70,1.80,1.80,3.00,4.30,0.50,1.60,2.90,1.80,3.10,4.50,0.80,2,3.4,3.01,0.480,0.600,0.870,0.971,0.993,0.992,0.989,0.989,0.990,0.988,0.978,0.965,0.954,0.940,0.890,0.860,0.750,0.540,0.210,0.080,,,,,,,,,,,0.746,0.815,0.946,0.988,0.997,0.997,0.996,0.996,0.996,0.995,0.991,0.986,0.981,0.976,0.954,0.941,0.891,0.782,0.536,0.364,,,,,,,,,,,1,1,0,1,1,1,2.57,579,583,729,0.81,1.06,8,9.19,75,0.221,550,1
"N-LLF1",1.54814,1.55098,45.85,45.55,25,400,0.925,"38/35",1.27618030E+00,7.50285303E-02,9.42212408E-01,9.11215960E-03,5.46800720E-02,1.02329548E+02,-1.85E-06,1.47E-08,-4.03E-12,5.48E-07,7.09E-10,0.80,1.50,2.40,-1.30,-0.60,0.20,0.90,1.70,2.70,-0.50,0.40,1.40,1.10,2.10,3.20,0.10,1,2.1,3.44,0.490,0.680,0.930,0.973,0.996,0.993,0.991,0.991,0.992,0.990,0.982,0.972,0.963,0.955,0.940,0.925,0.880,0.770,0.530,0.350,,,,,,,,,,,0.752,0.857,0.971,0.989,0.998,0.997,0.996,0.996,0.997,0.996,0.993,0.989,0.985,0.982,0.976,0.969,0.950,0.901,0.776,0.657,0.480,,,,,,,,,,1,1,0,1,1,1,2.49,532,535,729,0.79,1,7.97,8.53,66,0.225,520,3
"N-LLF6",1.53169,1.53427,48.90,48.61,25,400,0.955,"37/34",1.22932376E+00,7.55174062E-02,9.88839837E-01,8.77776451E-03,4.80429329E-02,1.12136098E+02,2.48E-06,1.16E-08,-1.85E-11,5.84E-07,7.05E-10,2.70,3.50,4.40,0.70,1.40,2.20,2.70,3.60,4.60,1.40,2.30,3.20,2.80,3.80,4.80,1.80,2.7,3.7,2.93,0.400,0.520,0.800,0.980,0.991,0.992,0.990,0.990,0.991,0.991,0.988,0.984,0.981,0.977,0.965,0.955,0.920,0.850,0.710,0.590,0.090,,,,,,,,,,0.693,0.770,0.915,0.992,0.996,0.997,0.996,0.996,0.996,0.996,0.995,0.994,0.992,0.991,0.986,0.982,0.967,0.937,0.872,0.810,0.382,,,,,,,,,,1,1,0,1,1,1,2.50,489,494,668,0.82,1.11,7.66,8.7,72,0.211,520,2
"N-PK51",1.52855,1.53019,76.98,76.58,25,400,0.984,"35/29",1.15610775E+00,1.53229344E-01,7.85618966E-01,5.85597402E-03,1.94072416E-02,1.40537046E+02,-1.98E-05,-6.06E-09,1.60E-11,4.16E-07,5.01E-10,-6.00,-5.70,-5.40,-8.10,-7.80,-7.50,-7.10,-6.70,-6.40,-8.40,-8.10,-7.70,-7.50,-7.10,-6.70,-8.60,-8.2,-7.8,0.54,0.890,0.920,0.965,0.985,0.992,0.991,0.991,0.992,0.994,0.995,0.993,0.989,0.987,0.986,0.985,0.984,0.977,0.965,0.940,0.910,0.750,0.430,0.120,0.030,,,,,,,0.954,0.967,0.986,0.994,0.997,0.996,0.996,0.997,0.998,0.998,0.997,0.996,0.995,0.994,0.994,0.994,0.991,0.986,0.976,0.963,0.891,0.713,0.428,0.246,0.116,0.040,,,,,1,2,0,51.2,3.3,4.3,3.96,496,486,,,,12.7,14.4,74,0.295,400,6
"N-PK52",1.49700,1.49846,81.63,81.22,25,400,0.986,"34/29",1.00814481E+00,2.09435366E-01,7.81686424E-01,5.01967769E-03,1.62476809E-02,1.52389306E+02,-2.08E-05,-7.86E-09,1.51E-11,3.21E-07,3.02E-10,-6.00,-5.80,-5.50,-8.00,-7.80,-7.60,-7.20,-6.90,-6.60,-8.50,-8.20,-7.90,-7.70,-7.30,-7.00,-8.70,-8.4,-8,0.62,0.950,0.964,0.982,0.991,0.993,0.991,0.989,0.990,0.992,0.993,0.991,0.987,0.985,0.985,0.986,0.986,0.985,0.980,0.962,0.950,0.840,0.570,0.220,0.060,0.010,,,,,,0.980,0.985,0.993,0.996,0.997,0.996,0.996,0.996,0.997,0.997,0.996,0.995,0.994,0.994,0.994,0.994,0.994,0.992,0.985,0.980,0.933,0.799,0.546,0.325,0.158,0.053,0.014,,,,1,1,0,52.3,3.3,4.3,3.77,440,446,533,0.67,0.68,13.76,15.62,71,0.3,370,6
"N-PSK3",1.55232,1.55440,63.46,63.23,25,400,0.986,"33/28",8.87272110E-01,4.89592425E-01,1.04865296E+00,4.69824067E-03,1.61818463E-02,1.04374975E+02,2.03E-06,1.19E-08,2.46E-11,3.14E-07,2.45E-10,2.60,3.10,3.60,0.60,1.00,1.50,2.50,3.00,3.50,1.20,1.60,2.10,2.70,3.20,3.80,1.70,2.2,2.7,2.48,0.338,0.588,0.877,0.978,0.997,0.995,0.993,0.992,0.993,0.993,0.990,0.987,0.986,0.986,0.987,0.986,0.983,0.977,0.971,0.964,0.920,0.800,0.520,0.260,0.060,,,,,,0.648,0.809,0.949,0.991,0.999,0.998,0.997,0.997,0.997,0.997,0.996,0.995,0.994,0.994,0.995,0.994,0.993,0.991,0.988,0.985,0.967,0.915,0.770,0.583,0.325,0.123,0.026,,,,1,3,0,2.2,2,2,2.91,599,597,736,0.682,0.99,6.2,7.3,84,0.226,630,2
"N-PSK53",1.62014,1.62247,63.48,63.19,25,400,0.950,"37/33",1.34340870E+00,2.41417935E-01,9.52896897E-01,6.75074317E-03,2.19910513E-02,1.03551457E+02,-9.29E-06,5.78E-09,8.87E-13,4.59E-07,5.86E-10,-2.50,-2.00,-1.50,-4.70,-4.20,-3.80,-2.90,-2.30,-1.80,-4.30,-3.80,-3.20,-3.00,-2.30,-1.70,-4.10,-3.4,-2.8,1.16,0.450,0.650,0.880,0.957,0.996,0.986,0.982,0.982,0.988,0.991,0.982,0.963,0.957,0.958,0.955,0.950,0.930,0.890,0.810,0.740,0.400,0.030,,,,,,,,,0.727,0.842,0.950,0.983,0.998,0.994,0.993,0.993,0.995,0.996,0.993,0.985,0.983,0.983,0.982,0.980,0.971,0.954,0.919,0.887,0.693,0.240,,,,,,,,,1,2,1,52.3,1.2,4.3,3.60,618,606,709,,,9.4,10.9,78,0.288,440,6
"N-PSK57",1.59240,1.59447,68.40,68.01,25,400,0.992,"34/29",9.88511414E-01,5.10855261E-01,7.58837122E-01,4.78397680E-03,1.58020289E-02,1.29709222E+02,-2.23E-05,-5.60E-09,9.97E-12,4.47E-07,5.63E-10,-8.00,-7.60,-7.30,-10.10,-9.80,-9.50,-9.10,-8.70,-8.20,-10.50,-10.10,-9.70,-9.60,-9.10,-8.60,-10.60,-10.2,-9.7,0.13,,,0.950,0.970,0.982,0.996,0.996,0.996,0.996,0.996,0.992,0.991,0.991,0.991,0.991,0.992,0.992,0.989,0.975,0.965,0.880,0.680,0.380,0.130,0.020,,,,,,,,0.980,0.988,0.993,0.998,0.998,0.998,0.998,0.998,0.997,0.996,0.996,0.996,0.996,0.997,0.997,0.996,0.990,0.986,0.950,0.857,0.679,0.442,0.209,0.040,0.010,,,,1,1,0,51.3,1.2,4.3,4.48,497,499,,0.49,0.56,13.17,14.75,69,0.298,370,
"N-PSK58",1.56907,1.57098,71.21,70.81,25,400,0.982,"34/29",1.11245149E+00,3.16619311E-01,6.98910707E-01,5.55904622E-03,1.72742254E-02,1.22610824E+02,-2.28E-05,-4.81E-09,1.60E-11,4.12E-07,4.13E-10,-7.90,-7.60,-7.20,-10.00,-9.70,-9.40,-9.00,-8.60,-8.20,-10.30,-10.00,-9.60,-9.40,-9.00,-8.50,-10.40,-10,-9.6,0.31,,,0.990,0.995,0.996,0.995,0.995,0.994,0.992,0.992,0.985,0.982,0.982,0.982,0.983,0.982,0.975,0.971,0.954,0.940,0.860,0.630,0.300,0.080,0.010,,,,,,,,0.996,0.998,0.998,0.998,0.998,0.998,0.997,0.997,0.994,0.993,0.993,0.993,0.993,0.993,0.990,0.988,0.981,0.976,0.941,0.831,0.618,0.364,0.158,0.040,0.010,,,,1,1,0,51.3,1.3,4.3,4.40,476,473,,0.51,0.56,13.39,15.07,67,0.294,360,
"N-SF1",1.71736,1.72308,29.62,29.39,25,400,0.700,"41/36",1.60865158E+00,2.37725916E-01,1.51530653E+00,1.19654879E-02,5.90589722E-02,1.35521676E+02,-3.72E-06,8.05E-09,-1.71E-11,8.98E-07,1.34E-09,0.10,1.70,3.60,-2.20,-0.70,1.20,0.00,1.80,4.20,-1.50,0.30,2.70,0.00,2.10,4.80,-1.10,0.9,3.5,2.72,0.460,0.580,0.850,0.973,0.995,0.990,0.986,0.987,0.990,0.986,0.968,0.940,0.910,0.870,0.760,0.700,0.520,0.250,0.030,,,,,,,,,,,,0.733,0.804,0.937,0.989,0.998,0.996,0.994,0.995,0.996,0.994,0.987,0.976,0.963,0.946,0.896,0.867,0.770,0.574,0.252,0.096,,,,,,,,,,,1,1,0,1,1,1,3.03,553,554,660,0.75,1,9.13,10.54,90,0.25,540,5
"N-SF10",1.72828,1.73430,28.53,28.31,25,400,0.640,"42/36",1.62153902E+00,2.56287842E-01,1.64447552E+00,1.22241457E-02,5.95736775E-02,1.47468793E+02,-4.68E-06,7.41E-09,-1.89E-11,9.49E-07,1.42E-09,-0.40,1.30,3.40,-2.70,-1.10,1.00,-0.50,1.50,4.10,-2.00,-0.10,2.50,-0.50,1.70,4.60,-1.70,0.5,3.4,2.92,0.660,0.760,0.930,0.985,0.990,0.983,0.976,0.977,0.978,0.973,0.945,0.910,0.870,0.820,0.700,0.640,0.450,0.200,,,,,,,,,,,,,0.847,0.896,0.971,0.994,0.996,0.993,0.990,0.991,0.991,0.989,0.978,0.963,0.946,0.924,0.867,0.837,0.727,0.525,0.176,0.058,,,,,,,,,,,1,1,0,1,1,1,3.05,559,549,652,0.74,0.96,9.4,10.8,87,0.252,540,5
"N-SF15",1.69892,1.70438,30.20,29.96,25,400,0.680,"42/37",1.57055634E+00,2.18987094E-01,1.50824017E+00,1.16507014E-02,5.97856897E-02,1.32709339E+02,-7.15E-07,1.04E-08,-2.62E-11,8.56E-07,1.29E-09,1.60,3.10,5.00,-0.70,0.80,2.60,1.60,3.40,5.80,0.20,2.00,4.30,1.70,3.70,6.40,0.60,2.6,5.2,3.04,0.510,0.640,0.890,0.976,0.996,0.988,0.983,0.984,0.986,0.985,0.970,0.943,0.912,0.860,0.740,0.680,0.480,0.200,0.010,,,,,,,,,,,,0.764,0.837,0.954,0.990,0.998,0.995,0.993,0.994,0.994,0.994,0.988,0.977,0.964,0.941,0.887,0.857,0.746,0.525,0.158,0.044,,,,,,,,,,,1,1,0,1,1,1,2.92,580,578,692,0.76,1.04,8.04,9.28,90,0.243,610,3
"N-SF4",1.75513,1.76164,27.38,27.16,25,400,0.550,"44/37",1.67780282E+00,2.82849893E-01,1.63539276E+00,1.26793450E-02,6.02038419E-02,1.45760496E+02,-4.88E-06,6.57E-09,-2.72E-11,9.67E-07,1.48E-09,-0.50,1.20,3.50,-2.90,-1.20,1.00,-0.70,1.40,4.20,-2.20,-0.10,2.60,-0.80,1.60,4.70,-1.90,0.4,3.5,2.76,0.770,0.820,0.940,0.993,0.997,0.988,0.983,0.983,0.983,0.976,0.945,0.900,0.840,0.760,0.610,0.550,0.370,0.140,,,,,,,,,,,,,0.901,0.924,0.976,0.997,0.999,0.995,0.993,0.993,0.993,0.990,0.978,0.959,0.933,0.896,0.821,0.787,0.672,0.455,0.152,0.044,,,,,,,,,,,1,1,0,1.3,1,1,3.15,570,559,661,0.76,0.95,9.45,10.87,90,0.256,520,6
"N-SF5",1.67271,1.67763,32.25,32.00,25,400,0.780,"40/36",1.52481889E+00,1.87085527E-01,1.42729015E+00,1.12547560E-02,5.88995392E-02,1.29141675E+02,-2.51E-07,1.07E-08,-2.40E-11,7.85E-07,1.15E-09,1.80,3.10,4.80,-0.50,0.80,2.50,1.80,3.40,5.50,0.40,2.00,4.00,1.90,3.70,6.00,0.80,2.5,4.8,2.99,0.500,0.630,0.880,0.975,0.994,0.989,0.987,0.988,0.991,0.988,0.976,0.956,0.935,0.910,0.830,0.780,0.620,0.330,0.040,,,,,,,,,,,,0.758,0.831,0.950,0.990,0.998,0.996,0.995,0.995,0.996,0.995,0.990,0.982,0.973,0.963,0.928,0.905,0.826,0.642,0.276,0.116,,,,,,,,,,,1,1,0,1,1,1,2.86,578,576,693,0.77,1,7.94,9.21,87,0.237,620,3
"N-SF56",1.78470,1.79179,26.10,25.89,25,400,0.570,"44/37",1.73562085E+00,3.17487012E-01,1.95398203E+00,1.29624742E-02,6.12884288E-02,1.61559441E+02,-4.13E-06,7.65E-09,-1.12E-11,9.90E-07,1.57E-09,-0.10,1.70,4.30,-2.50,-0.70,1.80,-0.30,2.00,5.10,-1.80,0.50,3.50,-0.20,2.40,5.90,-1.40,1.2,4.6,2.87,0.590,0.680,0.900,0.981,0.996,0.986,0.981,0.981,0.983,0.976,0.950,0.910,0.860,0.780,0.640,0.570,0.370,0.130,,,,,,,,,,,,,0.810,0.857,0.959,0.992,0.998,0.994,0.992,0.992,0.993,0.990,0.980,0.963,0.941,0.905,0.837,0.799,0.672,0.442,0.109,0.020,,,,,,,,,,,1,1,0,1,1.3,1,3.28,592,585,691,0.7,0.94,8.7,10,91,0.255,560,5
"N-SF6",1.80518,1.81266,25.36,25.16,25,400,0.570,"45/37",1.77931763E+00,3.38149866E-01,2.08734474E+00,1.33714182E-02,6.17533621E-02,1.74017590E+02,-4.93E-06,7.02E-09,-2.40E-11,9.84E-07,1.54E-09,-0.70,1.20,3.90,-3.00,-1.20,1.30,-0.80,1.50,4.80,-2.30,0.00,3.10,-0.80,1.80,5.40,-2.00,0.6,4.1,2.82,0.850,0.880,0.962,0.994,0.994,0.987,0.980,0.979,0.980,0.970,0.940,0.899,0.850,0.780,0.640,0.570,0.370,0.140,,,,,,,,,,,,,0.940,0.950,0.985,0.998,0.998,0.995,0.992,0.992,0.992,0.988,0.976,0.958,0.940,0.910,0.840,0.800,0.670,0.460,,,,,,,,,,,,,1,1,0,2,1,1,3.37,594,591,694,0.69,0.96,9.03,10.39,93,0.262,550,4
"N-SF64",1.70591,1.71142,30.23,29.99,25,400,0.670,"42/37",1.59163762E+00,2.19908428E-01,1.46929315E+00,1.18623434E-02,5.94585499E-02,1.33310762E+02,-2.06E-06,9.78E-09,-1.67E-11,8.67E-07,1.23E-09,0.90,2.40,4.40,-1.30,0.10,2.00,0.90,2.70,5.10,-0.60,1.20,3.50,1.00,3.00,5.60,-0.10,1.9,4.4,2.95,0.520,0.640,0.880,0.979,0.996,0.985,0.980,0.981,0.984,0.982,0.961,0.930,0.895,0.843,0.730,0.670,0.480,0.220,0.020,,,,,,,,,,,,0.770,0.837,0.950,0.992,0.998,0.994,0.992,0.992,0.994,0.993,0.984,0.971,0.957,0.934,0.882,0.852,0.746,0.546,0.209,0.078,,,,,,,,,,,1,1,0,1,1.2,1,2.99,572,576,688,0.75,0.98,8.48,9.78,88,0.245,620,4
"N-SF8",1.68894,1.69413,31.31,31.06,25,400,0.770,"41/36",1.55075812E+00,2.09816918E-01,1.46205491E+00,1.14338344E-02,5.82725652E-02,1.33241650E+02,-1.94E-06,9.70E-09,-2.34E-11,8.32E-07,1.15E-09,1.00,2.40,4.20,-1.30,0.10,1.80,0.90,2.60,4.80,-0.50,1.20,3.30,1.00,2.90,5.30,-0.10,1.7,4.1,2.95,0.480,0.600,0.870,0.970,0.993,0.987,0.983,0.983,0.986,0.983,0.963,0.940,0.914,0.880,0.810,0.770,0.630,0.370,0.070,,,,,,,,,,,,0.746,0.815,0.946,0.988,0.997,0.995,0.993,0.993,0.994,0.993,0.985,0.976,0.965,0.950,0.919,0.901,0.831,0.672,0.345,0.158,,,,,,,,,,,1,1,0,1,1,1,2.90,567,564,678,0.77,1.03,8.56,9.92,88,0.245,600,4
"N-SK10",1.62278,1.62538,56.98,56.70,25,400,0.962,"36/32",1.41140955E+00,1.76877664E-01,9.57734074E-01,7.83671299E-03,2.79388630E-02,1.02564943E+02,3.93E-07,1.17E-08,-1.13E-11,5.04E-07,5.39E-10,1.90,2.60,3.30,-0.20,0.40,1.00,1.90,2.70,3.40,0.50,1.30,2.00,2.10,2.90,3.70,1.00,1.8,2.6,1.86,0.400,0.620,0.890,0.960,0.990,0.992,0.991,0.990,0.990,0.990,0.990,0.983,0.978,0.974,0.965,0.962,0.950,0.925,0.880,0.840,0.630,0.220,,,,,,,,,0.693,0.826,0.954,0.984,0.996,0.997,0.996,0.996,0.996,0.996,0.996,0.993,0.991,0.990,0.986,0.985,0.980,0.969,0.950,0.933,0.831,0.546,0.137,0.010,,,,,,,1,3,3,52.2,2,2.2,3.67,641,,,,,,8.04,82,0.268,550,
"N-SK11",1.56384,1.56605,60.80,60.55,25,400,0.975,"34/29",1.17963631E+00,2.29817295E-01,9.35789652E-01,6.80282081E-03,2.19737205E-02,1.01513232E+02,2.14E-06,1.27E-08,-7.21E-11,3.51E-07,5.41E-10,2.40,2.80,3.40,0.30,0.70,1.20,2.60,3.20,3.80,1.20,1.80,2.40,2.50,3.20,3.90,1.50,2.1,2.8,2.45,0.540,0.730,0.920,0.984,0.995,0.996,0.995,0.995,0.996,0.997,0.994,0.990,0.988,0.985,0.980,0.975,0.970,0.963,0.950,0.940,0.880,0.710,0.410,0.160,0.020,,,,,,0.782,0.882,0.967,0.994,0.998,0.998,0.998,0.998,0.998,0.999,0.998,0.996,0.995,0.994,0.992,0.990,0.988,0.985,0.980,0.976,0.950,0.872,0.700,0.480,0.212,0.058,,,,,1,2,0,2,1,2.3,3.08,610,601,760,,,6.5,7.6,79,0.239,570,
"N-SK14",1.60311,1.60548,60.60,60.34,25,400,0.975,"35/29",9.36155374E-01,5.94052018E-01,1.04374583E+00,4.61716525E-03,1.68859270E-02,1.03736265E+02,1.58E-06,1.22E-08,-8.04E-12,4.46E-07,5.22E-10,2.50,3.00,3.50,0.30,0.80,1.30,2.40,3.10,3.70,1.10,1.70,2.30,2.60,3.30,4.00,1.50,2.2,2.8,2.00,0.380,0.630,0.900,0.980,0.994,0.995,0.995,0.995,0.995,0.995,0.993,0.988,0.985,0.983,0.978,0.975,0.970,0.952,0.930,0.910,0.790,0.520,0.220,0.070,,,,,,,0.679,0.831,0.959,0.992,0.998,0.998,0.998,0.998,0.998,0.998,0.997,0.995,0.994,0.993,0.991,0.990,0.988,0.981,0.971,0.963,0.910,0.770,0.546,0.345,0.160,0.040,,,,,1,4,2,51.3,2,2.3,3.44,649,638,773,0.636,0.851,6,7.3,86,0.261,600,3
"N-SK15",1.62296,1.62552,58.02,57.75,25,400,0.960,"36/31",1.30417786E+00,2.85841160E-01,9.74781572E-01,6.95051276E-03,2.32023703E-02,9.90168840E+01,4.92E-07,1.20E-08,-2.96E-12,4.66E-07,5.16E-10,2.00,2.60,3.20,-0.20,0.40,1.00,2.00,2.70,3.40,0.60,1.30,1.90,2.10,2.90,3.70,1.10,1.8,2.5,1.93,0.370,0.620,0.900,0.975,0.991,0.994,0.992,0.992,0.993,0.993,0.990,0.982,0.978,0.974,0.966,0.960,0.941,0.910,0.850,0.800,0.563,0.180,,,,,,,,,0.672,0.826,0.959,0.990,0.996,0.998,0.997,0.997,0.997,0.997,0.996,0.993,0.991,0.990,0.986,0.984,0.976,0.963,0.937,0.915,0.795,0.504,0.144,0.010,,,,,,,1,3,3,52.2,2,3.2,3.62,641,634,752,0.57,0.77,6.7,7.6,84,0.265,620,3
"N-SK16",1.62041,1.62286,60.32,60.08,25,400,0.970,"36/30",1.34317774E+00,2.41144399E-01,9.94317969E-01,7.04687339E-03,2.29005000E-02,9.27508526E+01,-2.37E-08,1.32E-08,-1.29E-11,4.09E-07,5.17E-10,1.60,2.20,2.60,-0.50,-0.10,0.40,1.70,2.30,2.90,0.30,0.90,1.40,1.90,2.60,3.20,0.80,1.5,2.1,1.90,0.260,0.540,0.880,0.973,0.995,0.996,0.994,0.993,0.994,0.994,0.991,0.984,0.981,0.979,0.974,0.970,0.956,0.930,0.890,0.860,0.700,0.400,0.110,0.020,,,,,,,0.583,0.782,0.950,0.989,0.998,0.998,0.998,0.997,0.998,0.998,0.996,0.994,0.992,0.992,0.990,0.988,0.982,0.971,0.954,0.941,0.867,0.693,0.414,0.209,0.063,0.010,,,,,1,4,4,53.3,3.3,3.2,3.58,636,633,750,0.578,0.818,6.3,7.3,89,0.264,600,4
"N-SK18",1.63854,1.64128,55.42,55.15,25,400,0.950,"37/33",1.53857004E+00,9.85934131E-02,1.02309528E+00,8.63201486E-03,3.67156464E-02,1.00118441E+02,4.83E-07,1.31E-08,-1.22E-11,5.56E-07,5.92E-10,1.90,2.70,3.30,-0.20,0.50,1.10,2.00,2.90,3.60,0.60,1.40,2.20,2.20,3.10,3.90,1.10,2,2.8,1.90,0.370,0.620,0.900,0.975,0.991,0.993,0.991,0.990,0.991,0.990,0.984,0.971,0.964,0.960,0.954,0.950,0.920,0.870,0.770,0.690,0.300,0.010,,,,,,,,,0.672,0.826,0.959,0.990,0.996,0.997,0.996,0.996,0.996,0.996,0.994,0.988,0.985,0.984,0.981,0.980,0.967,0.946,0.901,0.862,0.618,0.212,0.006,,,,,,,,1,3,4,52.3,2.2,3.3,3.64,643,,,,,6.4,7.6,88,0.269,610,
"N-SK2",1.60738,1.60994,56.65,56.37,25,400,0.984,"35/30",1.28189012E+00,2.57738258E-01,9.68186040E-01,7.27191640E-03,2.42823527E-02,1.10377773E+02,3.80E-06,1.41E-08,2.28E-11,6.44E-07,8.03E-11,3.70,4.60,5.30,1.50,2.40,3.10,3.60,4.50,5.30,2.30,3.10,3.90,4.00,4.90,5.70,2.90,3.8,4.5,2.31,0.600,0.760,0.930,0.988,0.995,0.995,0.994,0.994,0.995,0.995,0.990,0.983,0.982,0.984,0.985,0.984,0.979,0.970,0.940,0.920,0.780,0.490,0.180,0.040,,,,,,,0.815,0.896,0.971,0.995,0.998,0.998,0.998,0.998,0.998,0.998,0.996,0.993,0.993,0.994,0.994,0.994,0.992,0.988,0.976,0.967,0.905,0.752,0.504,0.276,0.102,0.020,,,,,0,2,0,2.2,1,2.3,3.55,659,659,823,0.595,0.776,6,7.1,78,0.263,550,2
"N-SK4",1.61272,1.61521,58.63,58.37,25,400,0.975,"36/32",1.32993741E+00,2.28542996E-01,9.88465211E-01,7.16874107E-03,2.46455892E-02,1.00886364E+02,7.96E-07,1.30E-08,-1.31E-11,4.36E-07,6.01E-10,2.00,2.60,3.10,-0.10,0.40,0.90,2.10,2.80,3.40,0.70,1.40,2.00,2.30,3.00,3.70,1.20,1.9,2.6,1.92,0.390,0.620,0.900,0.977,0.993,0.996,0.995,0.995,0.995,0.995,0.992,0.985,0.983,0.983,0.979,0.975,0.960,0.930,0.870,0.830,0.610,0.200,,,,,,,,,0.686,0.826,0.959,0.991,0.997,0.998,0.998,0.998,0.998,0.998,0.997,0.994,0.993,0.993,0.992,0.990,0.984,0.971,0.946,0.928,0.821,0.525,0.102,,,,,,,,1,3,1,51.2,2,2,3.54,658,646,769,0.57,0.83,6.46,7.38,84,0.261,580,3
"N-SK5",1.58913,1.59142,61.27,61.02,25,400,0.981,"34/29",9.91463823E-01,4.95982121E-01,9.87393925E-01,5.22730467E-03,1.72733646E-02,9.83594579E+01,3.50E-06,1.22E-08,6.38E-11,2.46E-07,-3.34E-11,3.50,4.00,4.60,1.40,1.90,2.40,3.20,3.70,4.30,1.90,2.30,2.90,3.60,4.10,4.70,2.60,3,3.6,2.16,0.380,0.640,0.910,0.980,0.997,0.995,0.994,0.993,0.995,0.996,0.994,0.989,0.987,0.986,0.983,0.981,0.971,0.960,0.940,0.930,0.820,0.580,0.270,0.100,0.020,,,,,,0.680,0.840,0.963,0.992,0.999,0.998,0.998,0.997,0.998,0.998,0.998,0.996,0.995,0.994,0.993,0.992,0.988,0.984,0.976,0.971,0.920,0.800,0.590,0.400,0.210,0.090,0.030,,,,1,3,1,4.4,2,1.3,3.30,660,657,791,0.56,0.99,5.5,6.5,84,0.256,590,3
"N-SSK2",1.62229,1.62508,53.27,52.99,25,400,0.954,"37/33",1.43060270E+00,1.53150554E-01,1.01390904E+00,8.23982975E-03,3.33736841E-02,1.06870822E+02,5.21E-06,1.34E-08,-1.01E-11,5.21E-07,5.87E-10,4.20,5.00,5.80,2.10,2.80,3.50,4.30,5.20,6.10,2.90,3.80,4.60,4.50,5.50,6.40,3.50,4.4,5.3,2.51,0.500,0.720,0.930,0.981,0.992,0.996,0.994,0.993,0.995,0.995,0.992,0.985,0.980,0.975,0.963,0.954,0.920,0.860,0.750,0.670,0.250,,,,,,,,,,0.758,0.877,0.971,0.992,0.997,0.998,0.998,0.997,0.998,0.998,0.997,0.994,0.992,0.990,0.985,0.981,0.967,0.941,0.891,0.852,0.574,0.084,,,,,,,,,1,1,0,1.2,1,1,3.53,653,655,801,0.58,0.81,5.81,6.65,82,0.261,570,3
"N-SSK5",1.65844,1.66152,50.88,50.59,25,400,0.900,"38/34",1.59222659E+00,1.03520774E-01,1.05174016E+00,9.20284626E-03,4.23530072E-02,1.06927374E+02,7.29E-07,1.17E-08,-1.50E-11,6.08E-07,7.66E-10,2.20,3.00,3.90,0.00,0.80,1.60,2.20,3.20,4.20,0.80,1.80,2.70,2.40,3.50,4.50,1.20,2.3,3.4,1.90,0.450,0.660,0.910,0.980,0.990,0.993,0.992,0.992,0.993,0.990,0.982,0.968,0.956,0.940,0.910,0.900,0.860,0.760,0.580,0.450,0.060,,,,,,,,,,0.727,0.847,0.963,0.992,0.996,0.997,0.997,0.997,0.997,0.996,0.993,0.987,0.982,0.976,0.963,0.959,0.941,0.896,0.804,0.727,0.336,0.017,,,,,,,,,1,2,3,52.2,2.2,3.2,3.71,645,637,751,0.574,,6.8,8,88,0.278,590,5
"N-SSK8",1.61773,1.62068,49.83,49.54,25,400,0.880,"39/35",1.44857867E+00,1.17965926E-01,1.06937528E+00,8.69310149E-03,4.21566593E-02,1.11300666E+02,5.34E-07,1.27E-08,-1.75E-11,5.40E-07,7.05E-10,1.90,2.70,3.50,-0.20,0.50,1.30,2.00,2.90,3.90,0.60,1.50,2.40,2.20,3.20,4.20,1.10,2.1,3.1,2.36,0.460,0.660,0.900,0.980,0.993,0.994,0.991,0.990,0.992,0.992,0.984,0.969,0.955,0.938,0.900,0.880,0.810,0.660,0.450,0.310,0.010,,,,,,,,,,0.733,0.847,0.959,0.992,0.997,0.998,0.996,0.996,0.997,0.997,0.994,0.987,0.982,0.975,0.959,0.950,0.919,0.847,0.727,0.626,0.194,,,,,,,,,,1,1,0,1,1.3,1,3.27,616,604,742,0.64,0.84,7.21,8.16,84,0.251,570,3
"N-ZK7",1.50847,1.51045,61.19,60.98,25,400,0.975,"34/29",1.07715032E+00,1.68079109E-01,8.51889892E-01,6.76601657E-03,2.30642817E-02,8.90498778E+01,1.15E-05,1.73E-08,-8.06E-11,4.32E-07,7.05E-10,5.90,6.50,7.00,3.90,4.50,4.90,6.40,7.00,7.60,5.10,5.70,6.30,6.40,7.20,7.80,5.40,6.2,6.8,3.63,0.350,0.660,0.930,0.976,0.994,0.996,0.994,0.994,0.995,0.995,0.993,0.988,0.984,0.981,0.977,0.975,0.969,0.956,0.940,0.930,0.860,0.670,0.390,0.170,0.030,,,,,,0.657,0.847,0.971,0.990,0.998,0.998,0.998,0.998,0.998,0.998,0.997,0.995,0.994,0.992,0.991,0.990,0.987,0.982,0.976,0.971,0.941,0.852,0.686,0.492,0.221,0.032,,,,,1,1,0,2,1.2,2.2,2.49,539,,721,0.77,1.042,4.5,5.2,70,0.214,530,4
"SF1",1.71736,1.72310,29.51,29.29,25,400,0.920,"39/34",1.55912923E+00,2.84246288E-01,9.68842926E-01,1.21481001E-02,5.34549042E-02,1.12174809E+02,4.84E-06,1.70E-08,-4.52E-11,1.38E-06,1.26E-09,4.50,7.00,10.10,2.20,4.70,7.70,5.00,7.90,11.30,3.60,6.40,9.80,5.30,8.40,12.10,4.20,7.3,10.9,1.80,0.650,0.730,0.900,0.985,0.996,0.996,0.995,0.995,0.996,0.996,0.993,0.984,0.976,0.961,0.930,0.920,0.870,0.790,0.640,0.500,0.030,,,,,,,,,,0.842,0.882,0.959,0.994,0.998,0.998,0.998,0.998,0.998,0.998,0.997,0.994,0.990,0.984,0.971,0.967,0.946,0.910,0.837,0.758,0.300,,,,,,,,,,1,2,1,3.2,2.3,3,4.46,417,415,566,,,8.1,8.8,56,0.232,390,1
"SF10",1.72825,1.73430,28.41,28.19,25,400,0.690,"41/37",1.61625977E+00,2.59229334E-01,1.07762317E+00,1.27534559E-02,5.81983954E-02,1.16607680E+02,5.31E-06,1.59E-08,-4.07E-11,1.28E-06,1.32E-09,4.80,7.30,10.30,2.50,4.90,7.90,5.30,8.10,11.60,3.80,6.60,10.00,5.60,8.60,12.40,4.40,7.4,11.1,1.95,0.690,0.760,0.920,0.987,0.997,0.995,0.993,0.993,0.995,0.995,0.989,0.978,0.961,0.920,0.790,0.690,0.370,0.060,,,,,,,,,,,,,0.862,0.896,0.967,0.995,0.999,0.998,0.997,0.997,0.998,0.998,0.996,0.991,0.984,0.967,0.910,0.862,0.672,0.360,0.080,0.020,,,,,,,,,,,0,1,0,1,1.2,2,4.28,454,445,595,0.465,0.741,7.5,8.4,64,0.232,430,1
"SF11",1.78472,1.79190,25.76,25.55,25,400,0.200,"44/39",1.73848403E+00,3.11168974E-01,1.17490871E+00,1.36068604E-02,6.15960463E-02,1.21922711E+02,1.12E-05,1.81E-08,-5.03E-11,1.46E-06,1.58E-09,8.40,11.70,15.80,6.10,9.20,13.30,9.20,12.90,17.60,7.70,11.30,16.00,9.60,13.60,18.70,8.40,12.4,17.4,1.33,0.610,0.700,0.930,0.982,0.997,0.993,0.991,0.991,0.991,0.989,0.976,0.940,0.860,0.700,0.340,0.200,0.010,,,,,,,,,,,,,,0.821,0.867,0.971,0.993,0.999,0.997,0.996,0.996,0.996,0.996,0.990,0.976,0.941,0.867,0.650,0.525,0.180,,,,,,,,,,,,,,1,1,0,1,1.2,1,4.74,503,500,635,0.431,0.737,6.1,6.8,66,0.235,450,1
"SF14",1.76182,1.76859,26.53,26.31,25,400,0.280,"43/38",1.69182538E+00,2.85919934E-01,1.12595145E+00,1.33151542E-02,6.12647445E-02,1.18405242E+02,8.85E-06,1.81E-08,-4.12E-11,1.39E-06,1.53E-09,6.90,9.80,13.50,4.60,7.40,11.00,7.60,11.00,15.20,6.10,9.40,13.60,8.00,11.60,16.20,6.80,10.4,15,1.62,0.600,0.690,0.920,0.982,0.997,0.992,0.990,0.990,0.990,0.988,0.974,0.940,0.870,0.740,0.410,0.280,0.040,,,,,,,,,,,,,,0.815,0.862,0.967,0.993,0.999,0.997,0.996,0.996,0.996,0.995,0.990,0.976,0.946,0.887,0.700,0.601,0.280,0.040,,,,,,,,,,,,,1,1,0,1,1.2,1,4.54,478,479,617,0.44,0.77,6.6,7.4,65,0.231,430,1
"SF15",1.69895,1.70444,30.07,29.83,25,400,0.780,"40/37",1.53925927E+00,2.47620926E-01,1.03816409E+00,1.19307961E-02,5.56077536E-02,1.16416747E+02,2.91E-06,1.69E-08,-3.77E-11,1.10E-06,1.07E-09,3.30,5.40,8.00,1.00,3.00,5.60,3.80,6.10,9.10,2.30,4.60,7.60,4.10,6.60,9.80,2.90,5.5,8.6,2.20,0.670,0.750,0.910,0.987,0.997,0.995,0.993,0.994,0.995,0.994,0.990,0.980,0.965,0.940,0.850,0.780,0.560,0.200,0.010,,,,,,,,,,,,0.852,0.891,0.963,0.995,0.999,0.998,0.997,0.998,0.998,0.998,0.996,0.992,0.986,0.976,0.937,0.905,0.793,0.525,0.160,0.040,,,,,,,,,,,1,1,0,1,1.2,2.3,4.06,455,446,595,,,7.9,8.9,60,0.235,420,2
"SF2",1.64769,1.65222,33.85,33.60,25,400,0.954,"37/33",1.40301821E+00,2.31767504E-01,9.39056586E-01,1.05795466E-02,4.93226978E-02,1.12405955E+02,1.10E-06,1.75E-08,-1.29E-11,1.08E-06,1.03E-09,2.30,4.00,6.00,0.10,1.80,3.70,2.70,4.60,6.90,1.30,3.20,5.40,3.10,5.20,7.60,2.00,4.1,6.4,2.62,0.620,0.710,0.880,0.985,0.996,0.996,0.994,0.995,0.995,0.995,0.993,0.988,0.982,0.975,0.962,0.954,0.920,0.870,0.790,0.720,0.370,,,,,,,,,,0.826,0.872,0.950,0.994,0.998,0.998,0.998,0.998,0.998,0.998,0.997,0.995,0.993,0.990,0.985,0.981,0.967,0.946,0.910,0.877,0.672,0.110,,,,,,,,,0,1,0,2,2.3,2,3.86,441,428,600,0.498,0.735,8.4,9.2,55,0.227,410,2
"SF4",1.75520,1.76167,27.58,27.37,25,400,0.890,"40/35",1.61957826E+00,3.39493189E-01,1.02566931E+00,1.25502104E-02,5.44559822E-02,1.17652222E+02,5.60E-06,1.70E-08,-5.27E-11,1.54E-06,1.46E-09,5.10,8.10,11.80,2.80,5.70,9.40,5.70,9.20,13.30,4.30,7.70,11.80,6.00,9.70,14.20,4.90,8.5,13,1.36,0.660,0.740,0.910,0.989,0.996,0.996,0.995,0.995,0.996,0.996,0.991,0.980,0.967,0.950,0.910,0.890,0.820,0.690,0.450,0.280,,,,,,,,,,,0.847,0.887,0.963,0.996,0.998,0.998,0.998,0.998,0.998,0.998,0.996,0.992,0.987,0.980,0.963,0.954,0.924,0.862,0.727,0.601,0.090,,,,,,,,,,1,1,2,4.3,2.3,3.3,4.79,420,415,552,0.41,0.65,8,8.9,56,0.241,390,1
"SF5",1.67270,1.67764,32.21,31.97,25,400,0.950,"37/33",1.46141885E+00,2.47713019E-01,9.49995832E-01,1.11826126E-02,5.08594669E-02,1.12041888E+02,2.59E-06,1.76E-08,-2.03E-11,1.17E-06,1.09E-09,3.10,5.10,7.40,0.90,2.80,5.10,3.50,5.80,8.40,2.10,4.40,6.90,3.90,6.40,9.20,2.80,5.2,8,2.28,0.660,0.740,0.900,0.987,0.996,0.996,0.995,0.995,0.996,0.996,0.993,0.988,0.982,0.973,0.959,0.950,0.920,0.880,0.800,0.730,0.310,,,,,,,,,,0.847,0.887,0.959,0.995,0.998,0.998,0.998,0.998,0.998,0.998,0.997,0.995,0.993,0.989,0.983,0.980,0.967,0.950,0.915,0.882,0.626,0.200,,,,,,,,,1,1,1,2,2.3,3,4.07,425,421,580,,,8.2,9,56,0.233,410,2
"SF56A",1.78470,1.79180,26.08,25.87,25,400,0.680,"42/37",1.70579259E+00,3.44223052E-01,1.09601828E+00,1.33874699E-02,5.79561608E-02,1.21616024E+02,6.02E-06,1.70E-08,-2.61E-11,1.63E-06,1.59E-09,5.60,9.00,13.10,3.30,6.60,10.60,6.20,10.00,14.70,4.70,8.50,13.10,6.60,10.70,15.80,5.50,9.5,14.5,1.10,0.700,0.760,0.920,0.989,0.997,0.995,0.993,0.994,0.994,0.994,0.989,0.974,0.950,0.900,0.760,0.680,0.410,0.100,0.010,,,,,,,,,,,,0.867,0.896,0.967,0.996,0.999,0.998,0.997,0.998,0.998,0.998,0.996,0.990,0.980,0.959,0.896,0.857,0.700,0.398,0.120,0.040,,,,,,,,,,,1,1,1,3.2,2.2,3.2,4.92,429,426,556,,,7.9,8.8,57,0.239,380,1
"SF57",1.84666,1.85504,23.83,23.64,25,400,0.660,"44/37",1.81651371E+00,4.28893641E-01,1.07186278E+00,1.43704198E-02,5.92801172E-02,1.21419942E+02,7.26E-06,1.88E-08,-5.14E-11,1.96E-06,1.79E-09,6.60,11.10,16.70,4.20,8.60,14.10,7.60,12.50,18.90,6.00,10.90,17.20,8.00,13.40,20.10,6.80,12.1,18.8,0.02,0.750,0.790,0.930,0.991,0.997,0.996,0.994,0.994,0.994,0.994,0.986,0.968,0.930,0.860,0.730,0.660,0.450,0.198,0.010,,,,,,,,,,,,0.891,0.910,0.971,0.996,0.999,0.998,0.998,0.998,0.998,0.998,0.994,0.987,0.971,0.941,0.882,0.847,0.727,0.523,0.160,0.040,,,,,,,,,,,0,2,5,52.3,2.3,4.3,5.51,422,391,519,0.36,0.62,8.3,9.2,54,0.248,350,1
"SF6",1.80518,1.81265,25.43,25.24,25,400,0.760,"42/36",1.72448482E+00,3.90104889E-01,1.04572858E+00,1.34871947E-02,5.69318095E-02,1.18557185E+02,6.69E-06,1.78E-08,-3.36E-11,1.77E-06,1.70E-09,6.10,9.90,14.50,3.70,7.40,11.90,6.80,11.10,16.20,5.30,9.50,14.60,7.30,11.80,17.40,6.10,10.6,16.1,0.65,0.730,0.780,0.930,0.990,0.996,0.996,0.995,0.995,0.995,0.994,0.989,0.972,0.940,0.900,0.810,0.760,0.620,0.370,0.100,0.020,,,,,,,,,,,0.882,0.905,0.971,0.996,0.998,0.998,0.998,0.998,0.998,0.998,0.996,0.989,0.976,0.959,0.919,0.896,0.826,0.672,0.398,0.209,,,,,,,,,,,0,2,3,51.3,2.3,3.3,5.18,423,410,538,0.389,0.673,8.1,9,55,0.244,370,
"SF66",1.92286,1.93325,20.88,20.73,25,400,0.240,"48/38",2.07842233E+00,4.07120032E-01,1.76711292E+00,1.80875134E-02,6.79493572E-02,2.15266127E+02,,,,,,,,,,,,,,,,,,,,,,,,-1.20,0.700,0.740,0.920,0.990,0.995,0.990,0.989,0.989,0.988,0.985,0.965,0.890,0.770,0.610,0.340,0.240,0.050,,,,,,,,,,,,,,0.867,0.887,0.967,0.996,0.998,0.996,0.996,0.996,0.995,0.994,0.986,0.954,0.901,0.821,0.650,0.565,0.302,0.048,,,,,,,,,,,,,1,2,5,53.4,2.3,4.2,6.03,384,385,482,0.34,0.53,9.01,11.48,51,0.258,310,2
"SF6G05",1.80906,1.81661,25.28,25.08,,,,,,,,,,,,,,,,,,,,,,,,,,,,,,,,,,,,,,,,,,,,,,,,,,,,,,,,,,,,,,,,,,,,,,,,,,,,,,,,,,,,,,,,,,,,,,,,,,,,,5.20,427,,,,,,,,,,
"SFL57",1.84666,1.85510,23.62,23.43,25,400,0.200,"51/38",1.88742326E+00,3.60534025E-01,2.26189313E+00,1.45939341E-02,6.48198946E-02,1.76062211E+02,-3.63E-06,8.61E-09,-9.98E-12,1.10E-06,1.69E-09,0.10,2.40,5.60,-2.30,-0.10,3.00,0.10,2.90,6.80,-1.50,1.20,5.10,0.20,3.30,7.70,-1.00,2.1,6.4,2.73,0.730,0.790,0.960,0.990,0.991,0.976,0.969,0.971,0.971,0.955,0.890,0.800,0.670,0.520,0.290,0.200,0.030,,,,,,,,,,,,,,0.882,0.910,0.984,0.996,0.996,0.990,0.987,0.988,0.988,0.982,0.954,0.915,0.852,0.770,0.609,0.525,0.260,0.050,,,,,,,,,,,,,1,1,0,1.3,1,1.3,3.55,598,,700,0.67,0.997,8.7,10,97,0.261,580,
"SK51",1.62090,1.62335,60.31,60.02,25,400,0.958,"36/31",1.44112715E+00,1.43968387E-01,8.81989862E-01,7.58546975E-03,2.87396017E-02,9.46838154E+01,-5.63E-06,7.38E-09,-6.20E-11,3.91E-07,2.64E-10,-1.00,-0.50,0.10,-3.20,-2.70,-2.10,-1.10,-0.50,0.10,-2.50,-2.00,-1.30,-1.40,-0.70,-0.10,-2.50,-1.8,-1.2,1.47,0.270,0.520,0.830,0.959,0.993,0.993,0.993,0.993,0.993,0.993,0.990,0.981,0.975,0.971,0.963,0.958,0.940,0.910,0.850,0.800,0.600,0.300,0.100,0.030,,,,,,,0.592,0.770,0.928,0.983,0.997,0.997,0.997,0.997,0.997,0.997,0.996,0.992,0.990,0.988,0.985,0.983,0.976,0.963,0.937,0.915,0.815,0.618,0.398,0.200,0.060,0.010,,,,,1,2,3,52.3,1.3,4.3,3.52,597,579,684,,,8.9,10.1,75,0.291,450,3